Rank,Timeframe,Regime,Use_Color,Use_Sweep,Use_POC,SL_ATR,TP_ATR,PF,WR,Sharpe,Expectancy
1,5min_1year,trend,True,False,True,2.1,4.4,0.7,35.72,-6.006,-6.7095
2,15min_1year,chop,False,False,False,2.8,5.9,0.77,42.11,-3.764,-6.8417
3,30min_1year,any,False,False,True,2.6,5.2,0.9,39.5,-1.57,-6.266
4,15min_1year,trend,True,False,True,1.7,3.1,0.65,36.77,-8.494,-5.0113
5,5min_1year,trend,True,True,False,0.5,4.4,0.4,13.08,-13.631,-8.434
6,5min_1year,trend,True,True,True,0.6,2.6,0.39,19.36,-10.076,-16.5614
7,15min_1year,any,False,True,True,2.7,3.3,0.72,46.04,-4.618,-7.9834
8,15min_1year,trend,True,False,True,2.8,3.9,0.61,41.19,-10.284,-3.8774
9,30min_1year,trend,True,False,True,2.3,1.6,0.74,57.83,-4.962,-6.4107
10,30min_1year,chop,False,False,True,1.6,2.2,0.77,44.57,-3.81,-8.8305
11,15min_1year,any,True,True,True,0.6,1.6,0.47,27.92,-14.791,-9.186
12,30min_1year,chop,True,True,False,2.4,3.1,0.69,40.42,-2.956,-26.2711
13,5min_1year,chop,False,True,False,2.2,3.8,0.73,37.35,-3.968,-15.1552
14,5min_1year,chop,True,True,False,2.8,5.6,0.73,40.4,-3.398,-16.2825
15,5min_1year,trend,True,False,True,1.8,1.5,0.62,54.77,-13.066,-3.4042
16,5min_1year,chop,True,False,True,0.8,6.0,0.66,19.66,-10.512,-5.8175
17,5min_1year,chop,True,True,False,2.4,1.3,0.58,63.12,-5.514,-15.4691
18,5min_1year,trend,True,True,False,3.0,1.6,0.62,60.13,-7.012,-7.4999
19,15min_1year,trend,False,False,True,2.8,4.1,0.76,42.69,-4.516,-6.6312
20,15min_1year,chop,True,True,True,2.1,4.3,0.95,40.44,-0.998,-2.5024
21,15min_1year,any,True,False,True,2.8,5.4,0.76,39.22,-4.3,-7.5328
22,15min_1year,any,False,True,True,0.7,2.2,0.56,25.44,-14.163,-5.972
23,15min_1year,trend,False,False,False,0.7,2.4,0.48,24.05,-22.281,-2.0486
24,5min_1year,chop,True,False,False,0.8,2.7,0.6,22.81,-15.489,-4.646
25,5min_1year,trend,True,False,False,0.8,2.9,0.5,22.73,-22.534,-2.2659
26,15min_1year,chop,True,False,False,0.5,4.3,0.62,10.9,-18.424,-4.0463
27,5min_1year,any,True,False,False,2.7,5.7,0.81,35.38,-3.498,-10.1258
28,5min_1year,trend,True,True,False,0.6,4.3,0.46,13.71,-12.885,-6.7389
29,5min_1year,chop,False,True,False,2.1,1.8,0.62,52.64,-6.746,-11.799
30,30min_1year,trend,False,True,False,2.3,3.4,0.75,40.57,-3.57,-13.5222
31,5min_1year,chop,False,False,False,2.3,3.0,0.61,42.65,-7.795,-5.974
32,5min_1year,trend,False,False,False,1.5,3.3,0.64,35.59,-10.037,-3.6518
33,15min_1year,trend,True,False,False,1.6,1.8,0.58,46.16,-15.882,-2.8052
34,30min_1year,any,True,False,True,2.6,3.3,0.8,45.43,-3.398,-7.3861
35,5min_1year,trend,True,True,True,0.6,3.1,0.4,20.55,-10.356,-16.496
36,30min_1year,any,False,True,True,3.0,5.9,0.94,38.54,-0.898,-2.4354
37,15min_1year,any,False,False,True,2.1,2.3,0.62,44.82,-14.121,-2.5909
38,30min_1year,trend,True,True,True,1.7,2.4,0.74,43.77,-2.45,-19.9549
39,15min_1year,chop,True,True,False,2.3,5.3,0.64,40.07,-4.464,-15.4398
40,15min_1year,trend,True,False,True,2.0,4.5,0.67,37.63,-7.606,-5.1049
41,30min_1year,chop,False,True,False,2.0,2.9,0.71,39.33,-3.514,-20.8067
42,30min_1year,chop,True,True,True,2.8,4.1,1.0,49.25,-0.168,-1.7798
43,5min_1year,any,True,True,False,1.4,6.0,0.62,21.34,-5.57,-10.4194
44,30min_1year,any,True,False,True,1.9,4.1,0.82,33.05,-2.852,-10.5463
45,15min_1year,trend,True,False,True,0.8,4.1,0.68,17.66,-12.404,-3.8341
46,30min_1year,trend,True,True,True,1.8,2.6,0.82,42.96,-1.969,-15.0584
47,5min_1year,any,False,True,False,1.0,5.4,0.58,20.35,-8.004,-6.5581
48,15min_1year,chop,True,False,True,2.2,1.8,0.65,55.71,-6.68,-8.2344
49,30min_1year,any,True,True,True,2.5,2.0,0.78,55.51,-1.875,-14.5552
50,5min_1year,trend,True,False,True,1.7,5.2,0.74,27.72,-4.712,-7.8581
51,5min_1year,any,True,True,True,1.8,4.9,0.66,36.18,-4.798,-10.4998
52,15min_1year,chop,True,True,False,1.2,5.2,0.67,22.24,-3.152,-27.1814
53,5min_1year,any,True,False,False,0.6,5.8,0.51,12.12,-18.785,-2.6256
54,30min_1year,any,False,True,False,2.9,5.3,0.79,39.75,-2.776,-13.4416
55,5min_1year,any,True,False,True,1.0,3.0,0.63,26.27,-14.552,-3.1588
56,5min_1year,chop,False,False,False,1.1,4.9,0.59,23.51,-6.32,-7.2694
57,5min_1year,trend,True,False,False,2.7,5.7,0.84,36.1,-2.903,-9.1324
58,30min_1year,chop,True,True,False,0.7,1.5,0.54,31.51,-3.762,-54.241
59,5min_1year,trend,True,True,True,2.5,2.6,0.65,47.61,-4.022,-15.7028
60,30min_1year,trend,True,True,True,1.5,3.6,0.76,36.07,-2.198,-18.874
61,30min_1year,trend,False,False,False,0.6,1.1,0.51,36.09,-22.916,-2.3271
62,15min_1year,chop,True,False,True,2.5,3.0,0.77,47.4,-3.488,-9.5886
63,5min_1year,any,False,False,True,2.3,1.2,0.55,58.22,-19.154,-2.007
64,30min_1year,trend,True,True,True,0.7,5.9,0.7,24.6,-4.08,-18.2897
65,15min_1year,any,False,True,False,2.0,4.6,0.6,39.33,-9.676,-5.7959
66,30min_1year,chop,False,True,True,1.1,5.7,0.63,17.96,-2.424,-50.89
67,15min_1year,any,False,False,True,2.5,3.5,0.77,43.58,-4.079,-6.9265
68,5min_1year,trend,True,True,False,2.5,3.1,0.64,44.06,-6.306,-8.6793
69,15min_1year,any,False,False,True,1.5,4.9,0.65,35.66,-13.497,-2.6459
70,5min_1year,trend,True,True,False,1.0,5.4,0.56,19.7,-7.982,-8.353
71,30min_1year,chop,False,True,True,2.1,1.7,0.77,56.27,-2.216,-15.9697
72,5min_1year,chop,False,False,False,0.7,1.6,0.44,31.91,-21.286,-3.4892
73,15min_1year,chop,True,True,False,2.8,2.4,0.7,53.03,-4.054,-17.4137
74,5min_1year,chop,True,False,False,2.4,2.6,0.64,45.11,-7.69,-9.2987
75,5min_1year,trend,True,False,True,1.6,3.0,0.66,35.96,-9.19,-4.7298
76,5min_1year,trend,True,True,True,2.0,3.5,0.69,37.68,-4.039,-13.3961
77,30min_1year,trend,False,True,True,2.5,3.0,0.75,45.92,-2.603,-12.4405
78,30min_1year,chop,True,False,False,0.5,4.5,0.55,16.45,-12.957,-5.7096
79,5min_1year,any,True,False,True,2.7,4.2,0.76,41.81,-4.597,-6.7398
80,15min_1year,any,True,False,False,1.4,3.9,0.65,26.74,-9.098,-5.1191
81,30min_1year,chop,False,True,False,1.2,1.2,0.56,47.64,-7.275,-17.062
82,5min_1year,trend,False,False,True,2.6,2.2,0.67,51.0,-9.283,-4.0844
83,30min_1year,trend,True,False,False,1.2,2.7,0.68,35.06,-9.342,-4.7514
84,15min_1year,chop,False,False,False,2.1,4.6,0.6,39.72,-7.619,-5.9601
85,15min_1year,chop,True,False,False,2.5,4.0,0.6,39.04,-9.806,-6.109
86,15min_1year,chop,False,False,True,1.6,5.6,0.7,33.51,-5.786,-7.3109
87,5min_1year,any,False,True,True,1.4,2.5,0.58,38.77,-9.974,-6.7572
88,5min_1year,any,True,False,False,1.9,2.8,0.73,40.52,-9.747,-4.4577
89,15min_1year,trend,True,False,False,2.7,5.2,0.8,37.09,-3.637,-9.4297
90,30min_1year,trend,True,False,True,1.9,4.4,0.85,35.27,-2.487,-8.5928
91,5min_1year,any,True,True,False,1.2,4.4,0.54,31.52,-11.788,-5.8739
92,15min_1year,any,True,False,True,1.1,2.1,0.56,35.59,-21.592,-2.1324
93,15min_1year,any,False,True,True,2.3,1.5,0.62,61.43,-5.852,-10.4234
94,5min_1year,chop,False,True,True,2.0,1.5,0.65,58.54,-4.718,-14.8074
95,5min_1year,any,True,False,False,2.8,4.2,0.76,42.19,-4.927,-6.9024
96,15min_1year,trend,False,True,False,2.8,5.1,0.77,38.04,-3.304,-11.6456
97,15min_1year,trend,True,True,False,1.9,3.9,0.57,39.13,-7.59,-9.6676
98,5min_1year,trend,False,False,True,2.3,5.1,0.74,36.16,-5.159,-6.8248
99,15min_1year,trend,True,False,False,1.9,1.7,0.61,50.6,-14.809,-3.0142
100,30min_1year,chop,True,False,True,2.1,3.1,0.86,44.51,-2.085,-7.1043
