Trial,Strategy,PF,WR,Sharpe,Score,Params
0,CAPITULATION,0.62,15.85,-31.18,-29.735,"{'strategy_type': 'CAPITULATION', 'b_lower': 0.015601864044243652, 'b_upper': 0.9155994520336203, 'b_trigger_l': 0.05871254182522992, 'b_trigger_s': 0.9299264218662402, 'vol_mult': 2.2421185223120967, 'atr_mult': 2.4453378978124864, 'sl_atr': 0.6, 'tp_atr': 7.8, 'max_bars_hold': 85}"
1,TREND_SCALP,0.65,42.09,-5.39,-1.231,"{'strategy_type': 'TREND_SCALP', 'use_candle_color': True, 'regime': 'chop', 'use_sweep': False, 'sweep_lookback': 25, 'use_poc': True, 'sl_atr': 3.3, 'tp_atr': 5.0, 'max_bars_hold': 14}"
2,TREND_SCALP,0.68,33.67,-2.826,0.581,"{'strategy_type': 'TREND_SCALP', 'use_candle_color': True, 'regime': 'any', 'use_sweep': True, 'sweep_lookback': 27, 'use_poc': False, 'sl_atr': 1.9, 'tp_atr': 5.5, 'max_bars_hold': 38}"
6,RSI_ADX_CHOP,0.69,43.31,-2.24,2.161,"{'strategy_type': 'RSI_ADX_CHOP', 'adx_min': 6.793913689074525, 'adx_max': 30.698671808344926, 'chop_max': 65.21570097233794, 'rsi_os': 31.225543951389923, 'rsi_ob': 75.41934359909122, 'sl_atr': 3.2, 'tp_atr': 4.4, 'max_bars_hold': 48}"
7,TREND_SCALP,0.89,48.5,-1.384,4.136,"{'strategy_type': 'TREND_SCALP', 'use_candle_color': False, 'regime': 'trend', 'use_sweep': True, 'sweep_lookback': 8, 'use_poc': True, 'sl_atr': 5.7, 'tp_atr': 6.6, 'max_bars_hold': 67}"
14,MACD_REV,0.9,45.32,0.097,5.329,"{'strategy_type': 'MACD_REV', 'chop_thresh': 59.48565365331082, 'sweep_lookback': 10, 'sl_atr': 4.4, 'tp_atr': 6.0, 'max_bars_hold': 99}"
17,CAPITULATION,0.84,46.23,0.15,5.293,"{'strategy_type': 'CAPITULATION', 'b_lower': 0.09950437265290359, 'b_upper': 0.9969269852048719, 'b_trigger_l': 0.08977991487257653, 'b_trigger_s': 0.8041238015895535, 'vol_mult': 1.3333074760076502, 'atr_mult': 1.3502797598388554, 'sl_atr': 4.2, 'tp_atr': 6.9, 'max_bars_hold': 78}"
19,CAPITULATION,0.92,44.56,0.621,5.837,"{'strategy_type': 'CAPITULATION', 'b_lower': 0.09647810314415041, 'b_upper': 0.9937778115759286, 'b_trigger_l': 0.12703505102657855, 'b_trigger_s': 0.8709865062151115, 'vol_mult': 1.1689791451410256, 'atr_mult': 1.3392806708469307, 'sl_atr': 3.8, 'tp_atr': 7.2, 'max_bars_hold': 97}"
23,CAPITULATION,0.89,47.68,0.184,5.622,"{'strategy_type': 'CAPITULATION', 'b_lower': 0.07616024498847213, 'b_upper': 0.9796493482824741, 'b_trigger_l': 0.08846008425493515, 'b_trigger_s': 0.8353049784620559, 'vol_mult': 1.4759263274640233, 'atr_mult': 1.6232076673623883, 'sl_atr': 5.1, 'tp_atr': 7.2, 'max_bars_hold': 95}"
24,CAPITULATION,1.16,55.28,0.712,7.72,"{'strategy_type': 'CAPITULATION', 'b_lower': 0.07551652977892613, 'b_upper': 0.9736985397186851, 'b_trigger_l': 0.19741526662509873, 'b_trigger_s': 0.8470237609272211, 'vol_mult': 1.5893653085123944, 'atr_mult': 1.849784381809601, 'sl_atr': 5.2, 'tp_atr': 5.1, 'max_bars_hold': 93}"
25,CAPITULATION,1.06,54.61,0.41,7.051,"{'strategy_type': 'CAPITULATION', 'b_lower': 0.07507374776470319, 'b_upper': 0.975249027485638, 'b_trigger_l': 0.19516298764068093, 'b_trigger_s': 0.8451766097468616, 'vol_mult': 1.5409478077235743, 'atr_mult': 1.868748662467689, 'sl_atr': 5.1, 'tp_atr': 4.9, 'max_bars_hold': 91}"
26,CAPITULATION,1.44,56.91,1.084,9.095,"{'strategy_type': 'CAPITULATION', 'b_lower': 0.07510599637482555, 'b_upper': 0.9417909634601348, 'b_trigger_l': 0.18972563794509362, 'b_trigger_s': 0.8452476613531079, 'vol_mult': 1.7462453719469055, 'atr_mult': 2.1179352460321175, 'sl_atr': 5.3, 'tp_atr': 4.9, 'max_bars_hold': 88}"
27,CAPITULATION,1.26,55.26,1.786,9.092,"{'strategy_type': 'CAPITULATION', 'b_lower': 0.07200971182388213, 'b_upper': 0.9403434259021412, 'b_trigger_l': 0.19779178459916494, 'b_trigger_s': 0.8412900846088573, 'vol_mult': 1.9866635509674353, 'atr_mult': 2.140188867524276, 'sl_atr': 5.4, 'tp_atr': 5.0, 'max_bars_hold': 89}"
28,CAPITULATION,1.64,62.56,0.29,9.466,"{'strategy_type': 'CAPITULATION', 'b_lower': 0.06664293431598314, 'b_upper': 0.9372155304569296, 'b_trigger_l': 0.19884093147338716, 'b_trigger_s': 0.8376214317933778, 'vol_mult': 2.0405990525793625, 'atr_mult': 2.258037593394241, 'sl_atr': 5.4, 'tp_atr': 3.6, 'max_bars_hold': 74}"
29,CAPITULATION,2.21,62.06,1.237,12.073,"{'strategy_type': 'CAPITULATION', 'b_lower': 0.03213291097403036, 'b_upper': 0.9339694526015644, 'b_trigger_l': 0.173162964125211, 'b_trigger_s': 0.8296322372865427, 'vol_mult': 2.190097304400492, 'atr_mult': 2.2590939669945107, 'sl_atr': 5.4, 'tp_atr': 3.4, 'max_bars_hold': 55}"
30,CAPITULATION,15.41,68.29,4.337,55.396,"{'strategy_type': 'CAPITULATION', 'b_lower': 0.023944134296330202, 'b_upper': 0.9352665525967206, 'b_trigger_l': 0.17060786973768838, 'b_trigger_s': 0.8267560861188494, 'vol_mult': 2.370430865656386, 'atr_mult': 2.243469969233002, 'sl_atr': 5.6, 'tp_atr': 3.0, 'max_bars_hold': 55}"
31,CAPITULATION,25.9,68.75,0.876,83.451,"{'strategy_type': 'CAPITULATION', 'b_lower': 0.02870367118948476, 'b_upper': 0.9366670786349381, 'b_trigger_l': 0.1767866521692764, 'b_trigger_s': 0.8246637945133732, 'vol_mult': 2.358947135083902, 'atr_mult': 2.1950856852597256, 'sl_atr': 5.4, 'tp_atr': 2.8, 'max_bars_hold': 48}"
32,CAPITULATION,26.29,80.5,27.156,112.076,"{'strategy_type': 'CAPITULATION', 'b_lower': 0.030715821214375584, 'b_upper': 0.9292765759684474, 'b_trigger_l': 0.16700227187169067, 'b_trigger_s': 0.8253264067847115, 'vol_mult': 2.3376824768617754, 'atr_mult': 2.3175007330513027, 'sl_atr': 5.5, 'tp_atr': 2.4, 'max_bars_hold': 54}"
33,CAPITULATION,25.82,76.33,0.098,83.191,"{'strategy_type': 'CAPITULATION', 'b_lower': 0.029744515623563506, 'b_upper': 0.924159760097539, 'b_trigger_l': 0.16326989851352916, 'b_trigger_s': 0.8213190966435719, 'vol_mult': 2.3698177821821838, 'atr_mult': 2.403100188759659, 'sl_atr': 5.6, 'tp_atr': 1.7, 'max_bars_hold': 54}"
35,CAPITULATION,27.16,79.17,-0.047,87.35,"{'strategy_type': 'CAPITULATION', 'b_lower': 0.03229060126028402, 'b_upper': 0.9027877696004626, 'b_trigger_l': 0.14934664436757547, 'b_trigger_s': 0.8996464629046458, 'vol_mult': 2.5374424292127205, 'atr_mult': 2.5637828089095382, 'sl_atr': 4.7, 'tp_atr': 1.7, 'max_bars_hold': 46}"
36,RSI_ADX_CHOP,1.2,76.81,18.718,49.999,"{'strategy_type': 'RSI_ADX_CHOP', 'adx_min': 19.69767907099042, 'adx_max': 21.165378199473135, 'chop_max': 50.383307068869925, 'rsi_os': 20.904610087913703, 'rsi_ob': 60.08538383263414, 'sl_atr': 4.8, 'tp_atr': 1.6, 'max_bars_hold': 46}"
37,CAPITULATION,50.64,80.31,0.494,158.445,"{'strategy_type': 'CAPITULATION', 'b_lower': 0.0404681180037223, 'b_upper': 0.901056427483871, 'b_trigger_l': 0.1456423129357365, 'b_trigger_s': 0.9071871918050113, 'vol_mult': 2.6765835932837243, 'atr_mult': 2.601504240723671, 'sl_atr': 6.0, 'tp_atr': 1.8, 'max_bars_hold': 22}"
40,TREND_SCALP,0.68,78.19,-2.109,5.75,"{'strategy_type': 'TREND_SCALP', 'use_candle_color': True, 'regime': 'chop', 'use_sweep': True, 'sweep_lookback': 49, 'use_poc': False, 'sl_atr': 4.9, 'tp_atr': 1.1, 'max_bars_hold': 27}"
41,CAPITULATION,27.1,81.0,0.146,87.546,"{'strategy_type': 'CAPITULATION', 'b_lower': 0.039445322064466964, 'b_upper': 0.9007724546514148, 'b_trigger_l': 0.1485396372793839, 'b_trigger_s': 0.9046411189941802, 'vol_mult': 2.629635176609035, 'atr_mult': 2.498456865992793, 'sl_atr': 5.6, 'tp_atr': 1.9, 'max_bars_hold': 43}"
42,CAPITULATION,1.61,38.98,-0.129,6.599,"{'strategy_type': 'CAPITULATION', 'b_lower': 0.043785371046900244, 'b_upper': 0.9011490306585528, 'b_trigger_l': 0.14345116042320286, 'b_trigger_s': 0.9026211178491312, 'vol_mult': 2.6976486585333483, 'atr_mult': 2.6269756558637996, 'sl_atr': 0.5, 'tp_atr': 2.1, 'max_bars_hold': 45}"
44,CAPITULATION,49.96,74.7,-0.958,154.392,"{'strategy_type': 'CAPITULATION', 'b_lower': 0.005114061369450102, 'b_upper': 0.9169795296425861, 'b_trigger_l': 0.15657357118060838, 'b_trigger_s': 0.8894255054893647, 'vol_mult': 2.8471414170468927, 'atr_mult': 2.4547708718252705, 'sl_atr': 0.9, 'tp_atr': 1.1, 'max_bars_hold': 32}"
45,CAPITULATION,50.18,84.53,-0.356,156.637,"{'strategy_type': 'CAPITULATION', 'b_lower': 0.003283038049348232, 'b_upper': 0.9095212217165597, 'b_trigger_l': 0.1335861943081508, 'b_trigger_s': 0.8894835833544791, 'vol_mult': 2.8582546138237, 'atr_mult': 2.4600447397804235, 'sl_atr': 1.4, 'tp_atr': 1.1, 'max_bars_hold': 33}"
48,CAPITULATION,1.23,66.5,-0.166,8.174,"{'strategy_type': 'CAPITULATION', 'b_lower': 0.0019600974112374027, 'b_upper': 0.9129352105159925, 'b_trigger_l': 0.12477869129929053, 'b_trigger_s': 0.8876516742520086, 'vol_mult': 2.86577334054527, 'atr_mult': 2.4199582525759324, 'sl_atr': 0.9, 'tp_atr': 0.7, 'max_bars_hold': 34}"
49,CAPITULATION,31.1,75.95,0.221,99.116,"{'strategy_type': 'CAPITULATION', 'b_lower': 0.00027001504928086863, 'b_upper': 0.9232437257427604, 'b_trigger_l': 0.13384592716752453, 'b_trigger_s': 0.9193855749547296, 'vol_mult': 2.8041338485416656, 'atr_mult': 2.414789558077889, 'sl_atr': 1.9, 'tp_atr': 2.0, 'max_bars_hold': 20}"
51,CAPITULATION,50.64,85.17,-0.476,157.961,"{'strategy_type': 'CAPITULATION', 'b_lower': 0.008550861043561443, 'b_upper': 0.9087036775994196, 'b_trigger_l': 0.15584771179899792, 'b_trigger_s': 0.9123461922777178, 'vol_mult': 2.8025888419857674, 'atr_mult': 2.45085446684524, 'sl_atr': 1.7, 'tp_atr': 2.0, 'max_bars_hold': 25}"
52,CAPITULATION,50.01,79.17,-0.584,155.363,"{'strategy_type': 'CAPITULATION', 'b_lower': 0.009467297562561976, 'b_upper': 0.9195427913807029, 'b_trigger_l': 0.15860608164452838, 'b_trigger_s': 0.9430403367227929, 'vol_mult': 2.8195732228101362, 'atr_mult': 2.388527223015534, 'sl_atr': 1.7, 'tp_atr': 1.4, 'max_bars_hold': 25}"
53,CAPITULATION,50.45,84.72,1.925,181.747,"{'strategy_type': 'CAPITULATION', 'b_lower': 0.011111154688176654, 'b_upper': 0.9097932832017517, 'b_trigger_l': 0.15963711345020518, 'b_trigger_s': 0.9465294697536112, 'vol_mult': 2.9875554930468597, 'atr_mult': 2.3503857760575806, 'sl_atr': 2.2, 'tp_atr': 1.4, 'max_bars_hold': 25}"
55,CAPITULATION,50.32,85.91,-0.545,157.006,"{'strategy_type': 'CAPITULATION', 'b_lower': 0.011159429554302632, 'b_upper': 0.9106603225618349, 'b_trigger_l': 0.15735731368504127, 'b_trigger_s': 0.9408743895719929, 'vol_mult': 2.980685681980995, 'atr_mult': 2.6509952439808933, 'sl_atr': 1.6, 'tp_atr': 0.8, 'max_bars_hold': 15}"
61,CAPITULATION,49.96,70.83,-2.528,152.435,"{'strategy_type': 'CAPITULATION', 'b_lower': 0.008049061244668823, 'b_upper': 0.9171552943145416, 'b_trigger_l': 0.15711347012123306, 'b_trigger_s': 0.933162886618221, 'vol_mult': 2.7554981788282022, 'atr_mult': 2.518612375804622, 'sl_atr': 0.8, 'tp_atr': 1.3, 'max_bars_hold': 32}"
62,CAPITULATION,26.62,67.68,-0.548,84.08,"{'strategy_type': 'CAPITULATION', 'b_lower': 0.01875496303591665, 'b_upper': 0.9076379107285638, 'b_trigger_l': 0.13661776316159094, 'b_trigger_s': 0.9388196541527336, 'vol_mult': 2.9002529746038905, 'atr_mult': 2.6561113031392116, 'sl_atr': 0.9, 'tp_atr': 1.8, 'max_bars_hold': 27}"
63,CAPITULATION,25.66,63.33,-0.542,80.771,"{'strategy_type': 'CAPITULATION', 'b_lower': 0.008037148144224354, 'b_upper': 0.9145565817282774, 'b_trigger_l': 0.15690450096562938, 'b_trigger_s': 0.8860166348706057, 'vol_mult': 2.987805429004341, 'atr_mult': 2.352412141295478, 'sl_atr': 1.2, 'tp_atr': 2.3, 'max_bars_hold': 23}"
64,CAPITULATION,51.4,87.98,1.644,162.642,"{'strategy_type': 'CAPITULATION', 'b_lower': 0.008088413033455357, 'b_upper': 0.906676394103045, 'b_trigger_l': 0.15420453724354005, 'b_trigger_s': 0.9280803738786888, 'vol_mult': 2.7824603210610923, 'atr_mult': 2.4943876208341083, 'sl_atr': 2.1, 'tp_atr': 1.4, 'max_bars_hold': 30}"
65,CAPITULATION,50.98,85.42,0.682,160.164,"{'strategy_type': 'CAPITULATION', 'b_lower': 0.020605033136273626, 'b_upper': 0.9070780434675341, 'b_trigger_l': 0.13900504599970892, 'b_trigger_s': 0.9283473205645544, 'vol_mult': 2.7416144749134066, 'atr_mult': 2.5501618592905393, 'sl_atr': 2.1, 'tp_atr': 1.5, 'max_bars_hold': 28}"
66,CAPITULATION,52.14,90.78,35.564,199.062,"{'strategy_type': 'CAPITULATION', 'b_lower': 0.016775132106100793, 'b_upper': 0.9077602866771396, 'b_trigger_l': 0.11058025361493765, 'b_trigger_s': 0.9106619652266054, 'vol_mult': 2.731507614638496, 'atr_mult': 2.5596305244703323, 'sl_atr': 2.8, 'tp_atr': 0.9, 'max_bars_hold': 29}"
68,CAPITULATION,28.91,84.52,2.794,95.976,"{'strategy_type': 'CAPITULATION', 'b_lower': 0.017929785487560544, 'b_upper': 0.9122509282516139, 'b_trigger_l': 0.11038609687048026, 'b_trigger_s': 0.9140120329444474, 'vol_mult': 2.5709874828036368, 'atr_mult': 2.592305183553118, 'sl_atr': 3.1, 'tp_atr': 0.8, 'max_bars_hold': 13}"
69,CAPITULATION,26.82,77.09,0.526,86.695,"{'strategy_type': 'CAPITULATION', 'b_lower': 0.024202867573864754, 'b_upper': 0.9057898978374196, 'b_trigger_l': 0.0550401864998888, 'b_trigger_s': 0.9323567978189384, 'vol_mult': 2.730677672007128, 'atr_mult': 2.724211355672692, 'sl_atr': 2.2, 'tp_atr': 4.3, 'max_bars_hold': 29}"
71,CAPITULATION,51.44,89.58,0.324,161.602,"{'strategy_type': 'CAPITULATION', 'b_lower': 0.007122628103300751, 'b_upper': 0.9104665147073092, 'b_trigger_l': 0.14104718178754935, 'b_trigger_s': 0.912922184537252, 'vol_mult': 2.9065262995696814, 'atr_mult': 2.5363116028881802, 'sl_atr': 2.1, 'tp_atr': 1.5, 'max_bars_hold': 38}"
72,CAPITULATION,51.12,89.58,0.245,160.563,"{'strategy_type': 'CAPITULATION', 'b_lower': 0.010114886822374675, 'b_upper': 0.9111286480698888, 'b_trigger_l': 0.14065119436544146, 'b_trigger_s': 0.9113661808355372, 'vol_mult': 2.91265078071878, 'atr_mult': 2.5477597231790403, 'sl_atr': 2.1, 'tp_atr': 1.5, 'max_bars_hold': 39}"
73,CAPITULATION,26.72,79.86,0.334,86.48,"{'strategy_type': 'CAPITULATION', 'b_lower': 0.007026042705219817, 'b_upper': 0.912792807619619, 'b_trigger_l': 0.06901164592250078, 'b_trigger_s': 0.9109982182678197, 'vol_mult': 2.7469548477163426, 'atr_mult': 2.542062809109173, 'sl_atr': 2.3, 'tp_atr': 1.9, 'max_bars_hold': 38}"
74,CAPITULATION,3.92,75.59,0.871,18.19,"{'strategy_type': 'CAPITULATION', 'b_lower': 0.023066463658064064, 'b_upper': 0.9035619608301539, 'b_trigger_l': 0.09973088315054748, 'b_trigger_s': 0.9114211945849776, 'vol_mult': 2.486918436299674, 'atr_mult': 2.5492814968068043, 'sl_atr': 2.0, 'tp_atr': 1.5, 'max_bars_hold': 27}"
78,CAPITULATION,2.29,73.1,2.297,14.477,"{'strategy_type': 'CAPITULATION', 'b_lower': 0.0527098307626744, 'b_upper': 0.9074864398765937, 'b_trigger_l': 0.15115035382563344, 'b_trigger_s': 0.9161011171947601, 'vol_mult': 2.671177682460453, 'atr_mult': 2.0315813097181223, 'sl_atr': 3.4, 'tp_atr': 1.5, 'max_bars_hold': 39}"
79,CAPITULATION,53.98,81.95,1.722,169.857,"{'strategy_type': 'CAPITULATION', 'b_lower': 0.0153159668103011, 'b_upper': 0.9183991337371986, 'b_trigger_l': 0.13993133182606862, 'b_trigger_s': 0.906774926020038, 'vol_mult': 2.7948160176564483, 'atr_mult': 2.2947972226796742, 'sl_atr': 2.9, 'tp_atr': 3.9, 'max_bars_hold': 22}"
80,CAPITULATION,2.51,62.55,0.969,12.754,"{'strategy_type': 'CAPITULATION', 'b_lower': 0.02128402750373973, 'b_upper': 0.9205694501040638, 'b_trigger_l': 0.13955325355749026, 'b_trigger_s': 0.9074776074132027, 'vol_mult': 2.898122276725779, 'atr_mult': 2.096699625042665, 'sl_atr': 3.6, 'tp_atr': 4.1, 'max_bars_hold': 32}"
81,CAPITULATION,28.36,78.34,0.467,91.381,"{'strategy_type': 'CAPITULATION', 'b_lower': 0.014288735394235351, 'b_upper': 0.9134145999250419, 'b_trigger_l': 0.12712545633881994, 'b_trigger_s': 0.9243976735145627, 'vol_mult': 2.7918449277547674, 'atr_mult': 2.3457772287005243, 'sl_atr': 2.9, 'tp_atr': 1.9, 'max_bars_hold': 22}"
82,CAPITULATION,28.52,86.01,2.747,94.908,"{'strategy_type': 'CAPITULATION', 'b_lower': 0.0047012085535234754, 'b_upper': 0.903865668090764, 'b_trigger_l': 0.15121029884056783, 'b_trigger_s': 0.9358086995371655, 'vol_mult': 2.6915011596332605, 'atr_mult': 2.4927755003789374, 'sl_atr': 2.5, 'tp_atr': 1.3, 'max_bars_hold': 27}"
83,CAPITULATION,7.8,75.31,0.829,29.76,"{'strategy_type': 'CAPITULATION', 'b_lower': 0.011131147964353914, 'b_upper': 0.9097354432514904, 'b_trigger_l': 0.16616626372706467, 'b_trigger_s': 0.9082544451801216, 'vol_mult': 2.789892461160325, 'atr_mult': 2.327757339166484, 'sl_atr': 3.2, 'tp_atr': 4.6, 'max_bars_hold': 18}"
84,CAPITULATION,26.7,73.75,0.676,86.151,"{'strategy_type': 'CAPITULATION', 'b_lower': 0.08798617129553804, 'b_upper': 0.9003079993286447, 'b_trigger_l': 0.14442650940013282, 'b_trigger_s': 0.9177249381310781, 'vol_mult': 2.9250130175202993, 'atr_mult': 2.5886028317293883, 'sl_atr': 2.2, 'tp_atr': 5.4, 'max_bars_hold': 30}"
85,CAPITULATION,1.44,57.17,17.14,25.177,"{'strategy_type': 'CAPITULATION', 'b_lower': 0.01601158585688562, 'b_upper': 0.9051326956014626, 'b_trigger_l': 0.11885456305189651, 'b_trigger_s': 0.8962505264532964, 'vol_mult': 1.258135487914149, 'atr_mult': 2.2568952838663248, 'sl_atr': 2.1, 'tp_atr': 2.2, 'max_bars_hold': 37}"
87,CAPITULATION,27.41,82.95,0.872,89.397,"{'strategy_type': 'CAPITULATION', 'b_lower': 0.0059328329220196905, 'b_upper': 0.9285946747195725, 'b_trigger_l': 0.13852966313646198, 'b_trigger_s': 0.8567435192276498, 'vol_mult': 2.614192602268645, 'atr_mult': 2.499102228497022, 'sl_atr': 2.5, 'tp_atr': 1.0, 'max_bars_hold': 25}"
88,CAPITULATION,1.4,56.34,9.269,17.103,"{'strategy_type': 'CAPITULATION', 'b_lower': 0.036374263489920705, 'b_upper': 0.91610400495334, 'b_trigger_l': 0.1312674435408742, 'b_trigger_s': 0.9249485076994215, 'vol_mult': 2.502215632247557, 'atr_mult': 2.1874977124274775, 'sl_atr': 1.8, 'tp_atr': 1.6, 'max_bars_hold': 21}"
89,CAPITULATION,1.91,73.33,1.861,12.924,"{'strategy_type': 'CAPITULATION', 'b_lower': 0.010320201801136589, 'b_upper': 0.9096186945991092, 'b_trigger_l': 0.15068819308907808, 'b_trigger_s': 0.8957851368664786, 'vol_mult': 2.1427965363021024, 'atr_mult': 2.4689002693959905, 'sl_atr': 2.1, 'tp_atr': 1.2, 'max_bars_hold': 28}"
90,CAPITULATION,50.96,77.84,0.002,158.666,"{'strategy_type': 'CAPITULATION', 'b_lower': 0.025936460655116313, 'b_upper': 0.9487236979048728, 'b_trigger_l': 0.12686670860289848, 'b_trigger_s': 0.8772144561791063, 'vol_mult': 2.702353736888273, 'atr_mult': 2.546541501549643, 'sl_atr': 2.9, 'tp_atr': 2.8, 'max_bars_hold': 42}"
91,CAPITULATION,50.74,81.67,0.478,158.865,"{'strategy_type': 'CAPITULATION', 'b_lower': 0.0262918904297305, 'b_upper': 0.9637300288731624, 'b_trigger_l': 0.12391413618367655, 'b_trigger_s': 0.8759699416919934, 'vol_mult': 2.706659021800889, 'atr_mult': 2.583896936201762, 'sl_atr': 2.9, 'tp_atr': 3.2, 'max_bars_hold': 61}"
92,CAPITULATION,50.84,81.67,0.565,159.252,"{'strategy_type': 'CAPITULATION', 'b_lower': 0.027003489997489687, 'b_upper': 0.966428395742181, 'b_trigger_l': 0.12527927202470188, 'b_trigger_s': 0.873931830686891, 'vol_mult': 2.7027803602936546, 'atr_mult': 2.580201248848707, 'sl_atr': 2.8, 'tp_atr': 3.5, 'max_bars_hold': 62}"
93,CAPITULATION,26.66,70.13,0.704,85.697,"{'strategy_type': 'CAPITULATION', 'b_lower': 0.02643073915588895, 'b_upper': 0.9647143074889409, 'b_trigger_l': 0.11470983406991506, 'b_trigger_s': 0.8756808072295214, 'vol_mult': 1.8640085967091298, 'atr_mult': 2.6860185103566865, 'sl_atr': 3.0, 'tp_atr': 3.8, 'max_bars_hold': 70}"
94,CAPITULATION,27.55,76.14,0.377,88.641,"{'strategy_type': 'CAPITULATION', 'b_lower': 0.026375600950725893, 'b_upper': 0.9481870483212803, 'b_trigger_l': 0.10275672699326278, 'b_trigger_s': 0.877606609646088, 'vol_mult': 2.718353793095237, 'atr_mult': 2.547036539596936, 'sl_atr': 2.9, 'tp_atr': 3.4, 'max_bars_hold': 58}"
95,CAPITULATION,51.32,83.75,0.489,160.824,"{'strategy_type': 'CAPITULATION', 'b_lower': 0.020117698842762863, 'b_upper': 0.9833948038091826, 'b_trigger_l': 0.1257714171229873, 'b_trigger_s': 0.8685369948948974, 'vol_mult': 2.582904035899414, 'atr_mult': 2.6026207086625894, 'sl_atr': 3.3, 'tp_atr': 3.3, 'max_bars_hold': 63}"
96,CAPITULATION,1.36,59.13,1.074,9.067,"{'strategy_type': 'CAPITULATION', 'b_lower': 0.02102248182128004, 'b_upper': 0.9854035531391986, 'b_trigger_l': 0.12536463749953283, 'b_trigger_s': 0.8509047316949095, 'vol_mult': 2.857844776626548, 'atr_mult': 1.5518043586793522, 'sl_atr': 3.7, 'tp_atr': 3.5, 'max_bars_hold': 62}"
100,CAPITULATION,51.16,83.75,0.378,160.233,"{'strategy_type': 'CAPITULATION', 'b_lower': 0.020174103920798433, 'b_upper': 0.9581951493461072, 'b_trigger_l': 0.13023174198347404, 'b_trigger_s': 0.8675972932056584, 'vol_mult': 2.6187460741058612, 'atr_mult': 2.63292934762446, 'sl_atr': 2.4, 'tp_atr': 7.6, 'max_bars_hold': 59}"
101,CAPITULATION,51.52,83.75,0.79,161.725,"{'strategy_type': 'CAPITULATION', 'b_lower': 0.020161159416742704, 'b_upper': 0.956932833251675, 'b_trigger_l': 0.13112908537960724, 'b_trigger_s': 0.8669956354038495, 'vol_mult': 2.431080227142004, 'atr_mult': 2.605958407229497, 'sl_atr': 2.4, 'tp_atr': 3.7, 'max_bars_hold': 69}"
102,CAPITULATION,51.55,83.75,0.634,161.659,"{'strategy_type': 'CAPITULATION', 'b_lower': 0.019903892929974187, 'b_upper': 0.9558874622685943, 'b_trigger_l': 0.13510408713912175, 'b_trigger_s': 0.8620457288836939, 'vol_mult': 2.4535625120293947, 'atr_mult': 2.6266539027246254, 'sl_atr': 2.5, 'tp_atr': 4.7, 'max_bars_hold': 68}"
103,CAPITULATION,30.2,75.0,0.737,96.837,"{'strategy_type': 'CAPITULATION', 'b_lower': 0.019646650909417387, 'b_upper': 0.954337748452585, 'b_trigger_l': 0.13163503715722663, 'b_trigger_s': 0.8598024541958201, 'vol_mult': 2.302317007754286, 'atr_mult': 2.6612494014346137, 'sl_atr': 2.4, 'tp_atr': 7.8, 'max_bars_hold': 71}"
104,CAPITULATION,26.54,71.47,0.324,85.091,"{'strategy_type': 'CAPITULATION', 'b_lower': 0.01490295004300891, 'b_upper': 0.9529559625792172, 'b_trigger_l': 0.13851730712614663, 'b_trigger_s': 0.8670243605118951, 'vol_mult': 2.4621468936582342, 'atr_mult': 2.433926977605696, 'sl_atr': 2.3, 'tp_atr': 4.7, 'max_bars_hold': 68}"
105,CAPITULATION,2.89,66.67,0.45,13.787,"{'strategy_type': 'CAPITULATION', 'b_lower': 0.011466806893333317, 'b_upper': 0.9579598890832901, 'b_trigger_l': 0.13599485131428116, 'b_trigger_s': 0.8614955072600531, 'vol_mult': 2.6234443507404372, 'atr_mult': 2.3860395278002886, 'sl_atr': 2.5, 'tp_atr': 6.4, 'max_bars_hold': 74}"
107,CAPITULATION,51.53,83.75,0.518,161.483,"{'strategy_type': 'CAPITULATION', 'b_lower': 0.058577507309652124, 'b_upper': 0.9447419249506127, 'b_trigger_l': 0.13085067372483877, 'b_trigger_s': 0.8687866672429116, 'vol_mult': 2.4438142495485833, 'atr_mult': 2.62127777595282, 'sl_atr': 2.3, 'tp_atr': 4.5, 'max_bars_hold': 65}"
110,CAPITULATION,51.8,84.66,0.842,162.708,"{'strategy_type': 'CAPITULATION', 'b_lower': 0.05815663313591756, 'b_upper': 0.9442865296756556, 'b_trigger_l': 0.11569364145044211, 'b_trigger_s': 0.8627895902868404, 'vol_mult': 2.4352627060780083, 'atr_mult': 2.624878522871657, 'sl_atr': 2.4, 'tp_atr': 4.4, 'max_bars_hold': 70}"
111,CAPITULATION,51.8,83.75,0.751,162.526,"{'strategy_type': 'CAPITULATION', 'b_lower': 0.06095234769322042, 'b_upper': 0.9723688768881666, 'b_trigger_l': 0.1177053140837578, 'b_trigger_s': 0.8818135649636449, 'vol_mult': 2.270959929224268, 'atr_mult': 2.6405735074806502, 'sl_atr': 2.6, 'tp_atr': 4.4, 'max_bars_hold': 70}"
112,CAPITULATION,26.72,65.29,0.701,85.39,"{'strategy_type': 'CAPITULATION', 'b_lower': 0.05884736555177431, 'b_upper': 0.9789409196044585, 'b_trigger_l': 0.11396090714895599, 'b_trigger_s': 0.8835829569253678, 'vol_mult': 2.224897824270007, 'atr_mult': 2.6306557427995, 'sl_atr': 2.7, 'tp_atr': 4.3, 'max_bars_hold': 80}"
114,CAPITULATION,28.52,78.33,0.341,91.734,"{'strategy_type': 'CAPITULATION', 'b_lower': 0.05592394700278374, 'b_upper': 0.9725135616844417, 'b_trigger_l': 0.11322246532367859, 'b_trigger_s': 0.8812207392639485, 'vol_mult': 2.411440997719568, 'atr_mult': 2.501516568599686, 'sl_atr': 2.5, 'tp_atr': 5.2, 'max_bars_hold': 68}"
115,CAPITULATION,30.37,78.75,0.583,97.568,"{'strategy_type': 'CAPITULATION', 'b_lower': 0.06546719442425646, 'b_upper': 0.9877101019395765, 'b_trigger_l': 0.11966198426175038, 'b_trigger_s': 0.8628411425141757, 'vol_mult': 2.5457412224067286, 'atr_mult': 2.6054353168615445, 'sl_atr': 3.1, 'tp_atr': 4.5, 'max_bars_hold': 76}"
117,CAPITULATION,1.06,43.94,0.668,6.242,"{'strategy_type': 'CAPITULATION', 'b_lower': 0.06212522462727024, 'b_upper': 0.9405422005143104, 'b_trigger_l': 0.09503590314357886, 'b_trigger_s': 0.8920091547909584, 'vol_mult': 2.412204184452466, 'atr_mult': 1.97693989827454, 'sl_atr': 2.3, 'tp_atr': 4.7, 'max_bars_hold': 71}"
119,CAPITULATION,1.67,51.7,1.421,9.601,"{'strategy_type': 'CAPITULATION', 'b_lower': 0.050465984970451926, 'b_upper': 0.9822830888637103, 'b_trigger_l': 0.11557695976027312, 'b_trigger_s': 0.9210843938834062, 'vol_mult': 2.123958542085318, 'atr_mult': 2.290926598936925, 'sl_atr': 2.6, 'tp_atr': 4.1, 'max_bars_hold': 85}"
120,CAPITULATION,2.13,61.61,0.428,10.979,"{'strategy_type': 'CAPITULATION', 'b_lower': 0.06373925965716246, 'b_upper': 0.9705771637173506, 'b_trigger_l': 0.14687247805950163, 'b_trigger_s': 0.8566538381373753, 'vol_mult': 2.514113496253871, 'atr_mult': 2.3845915111120872, 'sl_atr': 2.8, 'tp_atr': 5.1, 'max_bars_hold': 76}"
121,CAPITULATION,51.24,86.25,0.371,160.716,"{'strategy_type': 'CAPITULATION', 'b_lower': 0.0032576604636757696, 'b_upper': 0.9515085855639496, 'b_trigger_l': 0.1296109856407252, 'b_trigger_s': 0.8667025778964452, 'vol_mult': 2.5946786302027953, 'atr_mult': 2.6411426434016168, 'sl_atr': 2.4, 'tp_atr': 6.8, 'max_bars_hold': 58}"
123,CAPITULATION,51.3,84.66,0.464,160.83,"{'strategy_type': 'CAPITULATION', 'b_lower': 0.04607079708461326, 'b_upper': 0.9764344077473367, 'b_trigger_l': 0.10681912520788801, 'b_trigger_s': 0.8804285025018698, 'vol_mult': 2.386240480470878, 'atr_mult': 2.615500744453311, 'sl_atr': 2.6, 'tp_atr': 6.1, 'max_bars_hold': 64}"
125,CAPITULATION,51.45,83.75,0.572,161.297,"{'strategy_type': 'CAPITULATION', 'b_lower': 0.05909698215332029, 'b_upper': 0.9463545035153539, 'b_trigger_l': 0.12124864009674553, 'b_trigger_s': 0.8803166136325788, 'vol_mult': 2.446545268412458, 'atr_mult': 2.617138935634841, 'sl_atr': 2.4, 'tp_atr': 6.1, 'max_bars_hold': 67}"
127,CAPITULATION,28.64,76.25,1.53,93.075,"{'strategy_type': 'CAPITULATION', 'b_lower': 0.05904808450454045, 'b_upper': 0.9451989740753577, 'b_trigger_l': 0.10670911446004916, 'b_trigger_s': 0.881859183711468, 'vol_mult': 2.446174306373526, 'atr_mult': 2.5119113797125814, 'sl_atr': 2.5, 'tp_atr': 3.7, 'max_bars_hold': 73}"
128,CAPITULATION,26.06,76.43,0.387,84.21,"{'strategy_type': 'CAPITULATION', 'b_lower': 0.05463542840544476, 'b_upper': 0.936970781866609, 'b_trigger_l': 0.12179820440162156, 'b_trigger_s': 0.8917650663841096, 'vol_mult': 2.372451020033573, 'atr_mult': 2.595254747720743, 'sl_atr': 3.4, 'tp_atr': 6.1, 'max_bars_hold': 67}"
132,CAPITULATION,50.84,84.85,0.39,159.395,"{'strategy_type': 'CAPITULATION', 'b_lower': 0.0055077650852758744, 'b_upper': 0.9515948710936304, 'b_trigger_l': 0.1116963885855417, 'b_trigger_s': 0.8693936824131513, 'vol_mult': 2.4596392666700453, 'atr_mult': 2.6702359787870176, 'sl_atr': 2.2, 'tp_atr': 7.1, 'max_bars_hold': 60}"
133,CAPITULATION,25.72,66.36,0.208,82.004,"{'strategy_type': 'CAPITULATION', 'b_lower': 0.06698403535880373, 'b_upper': 0.9463277265082096, 'b_trigger_l': 0.128932813904789, 'b_trigger_s': 0.8495745749381503, 'vol_mult': 2.2785222292207488, 'atr_mult': 2.4729765552086143, 'sl_atr': 1.9, 'tp_atr': 6.9, 'max_bars_hold': 56}"
137,CAPITULATION,5.74,71.97,0.574,22.991,"{'strategy_type': 'CAPITULATION', 'b_lower': 0.05769432473528377, 'b_upper': 0.9816871857873161, 'b_trigger_l': 0.09556269934524256, 'b_trigger_s': 0.873342481532146, 'vol_mult': 2.6553254797472547, 'atr_mult': 2.529725132780891, 'sl_atr': 3.1, 'tp_atr': 7.5, 'max_bars_hold': 65}"
139,CAPITULATION,27.44,72.97,0.359,87.976,"{'strategy_type': 'CAPITULATION', 'b_lower': 0.03472146478288393, 'b_upper': 0.9561761568654688, 'b_trigger_l': 0.12753710844645483, 'b_trigger_s': 0.8644816331612905, 'vol_mult': 2.437036033842334, 'atr_mult': 2.5656997047450383, 'sl_atr': 2.5, 'tp_atr': 3.9, 'max_bars_hold': 76}"
140,CAPITULATION,1.36,52.2,1.916,9.216,"{'strategy_type': 'CAPITULATION', 'b_lower': 0.012077906269391151, 'b_upper': 0.9688104017942281, 'b_trigger_l': 0.10559077416117763, 'b_trigger_s': 0.8999504219805964, 'vol_mult': 2.354836258385199, 'atr_mult': 2.2018384307683387, 'sl_atr': 2.8, 'tp_atr': 3.6, 'max_bars_hold': 67}"
141,CAPITULATION,51.18,82.5,0.876,160.666,"{'strategy_type': 'CAPITULATION', 'b_lower': 0.009118401421877212, 'b_upper': 0.9126824797882297, 'b_trigger_l': 0.1331012044121615, 'b_trigger_s': 0.9145411867894334, 'vol_mult': 2.9433253019289607, 'atr_mult': 2.6311872429915066, 'sl_atr': 2.1, 'tp_atr': 4.1, 'max_bars_hold': 69}"
142,CAPITULATION,50.64,80.91,0.572,158.583,"{'strategy_type': 'CAPITULATION', 'b_lower': 0.023150061209348285, 'b_upper': 0.9180067641305535, 'b_trigger_l': 0.1335464823744372, 'b_trigger_s': 0.9155338986111735, 'vol_mult': 2.8846456485571026, 'atr_mult': 2.638671260331629, 'sl_atr': 2.2, 'tp_atr': 5.7, 'max_bars_hold': 65}"
143,CAPITULATION,26.84,72.16,0.91,86.646,"{'strategy_type': 'CAPITULATION', 'b_lower': 0.009118067629826062, 'b_upper': 0.947973544648855, 'b_trigger_l': 0.1314446374559473, 'b_trigger_s': 0.9052162826569935, 'vol_mult': 2.8405765684990776, 'atr_mult': 2.66650921495116, 'sl_atr': 2.0, 'tp_atr': 4.2, 'max_bars_hold': 69}"
144,CAPITULATION,30.31,72.16,0.802,96.948,"{'strategy_type': 'CAPITULATION', 'b_lower': 0.013923804458618641, 'b_upper': 0.9114927588508265, 'b_trigger_l': 0.12334596978130817, 'b_trigger_s': 0.936425803443576, 'vol_mult': 2.934464898438172, 'atr_mult': 2.578190384104066, 'sl_atr': 2.4, 'tp_atr': 4.0, 'max_bars_hold': 73}"
149,CAPITULATION,50.57,79.67,0.558,158.235,"{'strategy_type': 'CAPITULATION', 'b_lower': 0.00705805652862823, 'b_upper': 0.9031911179885916, 'b_trigger_l': 0.11755807243736982, 'b_trigger_s': 0.9089729719600911, 'vol_mult': 2.8693713789016746, 'atr_mult': 2.4705565885986474, 'sl_atr': 1.8, 'tp_atr': 2.9, 'max_bars_hold': 59}"
151,CAPITULATION,50.57,89.2,0.864,159.494,"{'strategy_type': 'CAPITULATION', 'b_lower': 0.0021047941604957505, 'b_upper': 0.9081871347439803, 'b_trigger_l': 0.14197685989255243, 'b_trigger_s': 0.9109236166908732, 'vol_mult': 2.943288253931529, 'atr_mult': 2.553693465174048, 'sl_atr': 2.1, 'tp_atr': 1.0, 'max_bars_hold': 32}"
152,CAPITULATION,36.23,75.31,0.355,114.576,"{'strategy_type': 'CAPITULATION', 'b_lower': 0.010536684211669289, 'b_upper': 0.9109912148392463, 'b_trigger_l': 0.13825156057099336, 'b_trigger_s': 0.9186781415478094, 'vol_mult': 2.908585565925801, 'atr_mult': 2.5921064697097753, 'sl_atr': 2.3, 'tp_atr': 4.8, 'max_bars_hold': 23}"
153,CAPITULATION,27.0,84.85,0.312,87.797,"{'strategy_type': 'CAPITULATION', 'b_lower': 0.012933572478688309, 'b_upper': 0.9136370673167676, 'b_trigger_l': 0.12910926899491385, 'b_trigger_s': 0.8692866418388944, 'vol_mult': 2.5292437583184673, 'atr_mult': 2.531698514499866, 'sl_atr': 2.0, 'tp_atr': 1.4, 'max_bars_hold': 34}"
154,CAPITULATION,27.6,83.18,1.278,90.396,"{'strategy_type': 'CAPITULATION', 'b_lower': 0.07810927669301541, 'b_upper': 0.9201772762524044, 'b_trigger_l': 0.15324494202228592, 'b_trigger_s': 0.9232548065949467, 'vol_mult': 2.222216516867915, 'atr_mult': 2.6612926610732868, 'sl_atr': 2.7, 'tp_atr': 1.2, 'max_bars_hold': 30}"
155,CAPITULATION,51.04,83.64,0.195,159.679,"{'strategy_type': 'CAPITULATION', 'b_lower': 0.0832544881628069, 'b_upper': 0.9060747364733125, 'b_trigger_l': 0.1251328023617872, 'b_trigger_s': 0.9142344869355019, 'vol_mult': 2.424697597350073, 'atr_mult': 2.6184439570027895, 'sl_atr': 2.4, 'tp_atr': 1.7, 'max_bars_hold': 26}"
157,CAPITULATION,50.24,91.66,27.393,185.279,"{'strategy_type': 'CAPITULATION', 'b_lower': 0.014752282216319669, 'b_upper': 0.9820805513877607, 'b_trigger_l': 0.14436239970911527, 'b_trigger_s': 0.8725510392434777, 'vol_mult': 2.3619220250592443, 'atr_mult': 2.557846091065159, 'sl_atr': 2.1, 'tp_atr': 0.7, 'max_bars_hold': 72}"
158,CAPITULATION,27.91,72.39,0.334,89.303,"{'strategy_type': 'CAPITULATION', 'b_lower': 0.015374537081944854, 'b_upper': 0.9852871454855934, 'b_trigger_l': 0.14544971493569794, 'b_trigger_s': 0.8672868772962513, 'vol_mult': 2.3140474410999863, 'atr_mult': 2.568488186172626, 'sl_atr': 2.6, 'tp_atr': 5.0, 'max_bars_hold': 79}"
161,CAPITULATION,74.54,95.0,27.192,258.312,"{'strategy_type': 'CAPITULATION', 'b_lower': 0.010391201893842537, 'b_upper': 0.9757508491135428, 'b_trigger_l': 0.14003686326232567, 'b_trigger_s': 0.8797301799144226, 'vol_mult': 2.967999245625613, 'atr_mult': 2.484552313966211, 'sl_atr': 2.1, 'tp_atr': 0.6, 'max_bars_hold': 67}"
162,CAPITULATION,50.82,92.5,36.26,195.97,"{'strategy_type': 'CAPITULATION', 'b_lower': 0.013855437745471409, 'b_upper': 0.9751515614904448, 'b_trigger_l': 0.13667241367733343, 'b_trigger_s': 0.8777577079846255, 'vol_mult': 2.997987091153001, 'atr_mult': 2.417813510923591, 'sl_atr': 2.0, 'tp_atr': 0.9, 'max_bars_hold': 67}"
163,CAPITULATION,50.02,88.18,-0.556,156.322,"{'strategy_type': 'CAPITULATION', 'b_lower': 0.014214653620226931, 'b_upper': 0.9760586273641125, 'b_trigger_l': 0.16026184617784556, 'b_trigger_s': 0.8834096277896052, 'vol_mult': 2.992355394910553, 'atr_mult': 2.419784581688581, 'sl_atr': 1.5, 'tp_atr': 0.6, 'max_bars_hold': 67}"
164,CAPITULATION,2.22,84.13,28.874,41.947,"{'strategy_type': 'CAPITULATION', 'b_lower': 0.01931106535424054, 'b_upper': 0.9732890506002233, 'b_trigger_l': 0.1424099792673265, 'b_trigger_s': 0.8760009947673232, 'vol_mult': 2.359095876192148, 'atr_mult': 2.346066202754113, 'sl_atr': 1.9, 'tp_atr': 0.7, 'max_bars_hold': 64}"
165,CAPITULATION,74.61,96.43,21.942,253.415,"{'strategy_type': 'CAPITULATION', 'b_lower': 0.012998158483502689, 'b_upper': 0.9773278789502828, 'b_trigger_l': 0.13894513408558698, 'b_trigger_s': 0.8871656870148502, 'vol_mult': 2.57842467943657, 'atr_mult': 2.48257701734807, 'sl_atr': 2.4, 'tp_atr': 0.5, 'max_bars_hold': 61}"
166,CAPITULATION,0.78,78.03,4.014,12.157,"{'strategy_type': 'CAPITULATION', 'b_lower': 0.012230399398672782, 'b_upper': 0.9777618848838273, 'b_trigger_l': 0.13799408832540513, 'b_trigger_s': 0.8805704382593588, 'vol_mult': 1.9798504452900305, 'atr_mult': 2.2893245837288254, 'sl_atr': 1.8, 'tp_atr': 0.5, 'max_bars_hold': 66}"
167,CAPITULATION,1.18,80.06,47.75,64.296,"{'strategy_type': 'CAPITULATION', 'b_lower': 0.06051525403812936, 'b_upper': 0.9795377038715164, 'b_trigger_l': 0.14692175782912847, 'b_trigger_s': 0.8880486350771001, 'vol_mult': 2.282549562408601, 'atr_mult': 2.3908785509620323, 'sl_atr': 2.5, 'tp_atr': 0.9, 'max_bars_hold': 61}"
168,CAPITULATION,74.66,96.43,21.948,253.571,"{'strategy_type': 'CAPITULATION', 'b_lower': 0.014975630475677364, 'b_upper': 0.9747073784248841, 'b_trigger_l': 0.11210032693244783, 'b_trigger_s': 0.8861439485456575, 'vol_mult': 2.644610585303214, 'atr_mult': 2.455234984333034, 'sl_atr': 2.2, 'tp_atr': 0.5, 'max_bars_hold': 70}"
169,CAPITULATION,100.22,81.29,33.486,340.275,"{'strategy_type': 'CAPITULATION', 'b_lower': 0.015177479872523214, 'b_upper': 0.9690179509320846, 'b_trigger_l': 0.11070167249559808, 'b_trigger_s': 0.886235414894616, 'vol_mult': 1.4523144912414798, 'atr_mult': 2.46574031254625, 'sl_atr': 2.0, 'tp_atr': 0.5, 'max_bars_hold': 75}"
170,CAPITULATION,98.26,78.9,7.318,307.988,"{'strategy_type': 'CAPITULATION', 'b_lower': 0.015451773601410231, 'b_upper': 0.9713673161730271, 'b_trigger_l': 0.11090761825287475, 'b_trigger_s': 0.893680082700302, 'vol_mult': 1.4009977999730439, 'atr_mult': 2.473053415358777, 'sl_atr': 1.7, 'tp_atr': 0.5, 'max_bars_hold': 77}"
171,CAPITULATION,98.66,78.42,7.318,309.14,"{'strategy_type': 'CAPITULATION', 'b_lower': 0.015520416363265715, 'b_upper': 0.9703646707822758, 'b_trigger_l': 0.11144659938293007, 'b_trigger_s': 0.8838504167894363, 'vol_mult': 1.2462693153761706, 'atr_mult': 2.471083016834265, 'sl_atr': 1.7, 'tp_atr': 0.5, 'max_bars_hold': 77}"
172,CAPITULATION,25.43,79.98,9.669,91.957,"{'strategy_type': 'CAPITULATION', 'b_lower': 0.015355150394739949, 'b_upper': 0.9703940944906868, 'b_trigger_l': 0.11102592020199675, 'b_trigger_s': 0.8925727432382079, 'vol_mult': 1.3106776211523548, 'atr_mult': 2.4683922683240707, 'sl_atr': 1.7, 'tp_atr': 0.6, 'max_bars_hold': 76}"
173,CAPITULATION,0.79,75.12,8.419,16.301,"{'strategy_type': 'CAPITULATION', 'b_lower': 0.01753057263768401, 'b_upper': 0.9676574159194855, 'b_trigger_l': 0.10027238723895042, 'b_trigger_s': 0.8970785475307428, 'vol_mult': 1.1160611914020753, 'atr_mult': 2.4230716554455283, 'sl_atr': 1.5, 'tp_atr': 0.5, 'max_bars_hold': 82}"
174,CAPITULATION,1.64,78.64,44.474,55.258,"{'strategy_type': 'CAPITULATION', 'b_lower': 0.011909653744051195, 'b_upper': 0.973554754072451, 'b_trigger_l': 0.11470099138053638, 'b_trigger_s': 0.8897817032872553, 'vol_mult': 1.2257559765698391, 'atr_mult': 2.4844123170250194, 'sl_atr': 2.0, 'tp_atr': 0.8, 'max_bars_hold': 78}"
175,CAPITULATION,1.91,83.61,5.204,17.295,"{'strategy_type': 'CAPITULATION', 'b_lower': 0.015249313225625852, 'b_upper': 0.972262961084921, 'b_trigger_l': 0.11255945547135539, 'b_trigger_s': 0.8878300705226512, 'vol_mult': 1.5469863909007469, 'atr_mult': 2.36918219432471, 'sl_atr': 1.9, 'tp_atr': 0.7, 'max_bars_hold': 75}"
176,CAPITULATION,0.76,76.84,8.88,16.844,"{'strategy_type': 'CAPITULATION', 'b_lower': 0.012867971552793388, 'b_upper': 0.9746712714422864, 'b_trigger_l': 0.10933022836283422, 'b_trigger_s': 0.8866061890791769, 'vol_mult': 1.3554467800019045, 'atr_mult': 2.437828859376435, 'sl_atr': 1.7, 'tp_atr': 0.5, 'max_bars_hold': 77}"
177,CAPITULATION,25.99,76.98,-0.686,82.982,"{'strategy_type': 'CAPITULATION', 'b_lower': 0.01072293243313796, 'b_upper': 0.9663041874319499, 'b_trigger_l': 0.14037027589406578, 'b_trigger_s': 0.8845940912469772, 'vol_mult': 1.4418863843351575, 'atr_mult': 2.520654464421797, 'sl_atr': 1.6, 'tp_atr': 1.0, 'max_bars_hold': 80}"
178,CAPITULATION,1.68,79.83,50.166,61.189,"{'strategy_type': 'CAPITULATION', 'b_lower': 0.01787501995478267, 'b_upper': 0.9715379726924176, 'b_trigger_l': 0.10371219470086482, 'b_trigger_s': 0.8780470548189855, 'vol_mult': 1.72042899174911, 'atr_mult': 2.484679751426089, 'sl_atr': 2.1, 'tp_atr': 0.8, 'max_bars_hold': 71}"
180,CAPITULATION,1.55,76.55,15.296,25.601,"{'strategy_type': 'CAPITULATION', 'b_lower': 0.01435072690193133, 'b_upper': 0.964049011123345, 'b_trigger_l': 0.13588150306843808, 'b_trigger_s': 0.8953592836388221, 'vol_mult': 1.228568778459182, 'atr_mult': 2.3046354803521956, 'sl_atr': 2.0, 'tp_atr': 1.1, 'max_bars_hold': 82}"
181,CAPITULATION,2.03,80.99,40.506,52.695,"{'strategy_type': 'CAPITULATION', 'b_lower': 0.016314767678355248, 'b_upper': 0.9744783439967966, 'b_trigger_l': 0.11660407571110236, 'b_trigger_s': 0.882330195943814, 'vol_mult': 1.370593323905004, 'atr_mult': 2.404207349253943, 'sl_atr': 2.2, 'tp_atr': 0.7, 'max_bars_hold': 74}"
182,CAPITULATION,34.96,91.72,41.987,154.039,"{'strategy_type': 'CAPITULATION', 'b_lower': 0.008078378169561674, 'b_upper': 0.9691290076466083, 'b_trigger_l': 0.11037389635020545, 'b_trigger_s': 0.8843419075743898, 'vol_mult': 1.4792751681903142, 'atr_mult': 2.513220137550513, 'sl_atr': 2.3, 'tp_atr': 0.6, 'max_bars_hold': 69}"
183,CAPITULATION,1.72,78.3,9.274,20.264,"{'strategy_type': 'CAPITULATION', 'b_lower': 0.01934376038542589, 'b_upper': 0.9782297992637703, 'b_trigger_l': 0.1187870518709866, 'b_trigger_s': 0.8740731009074046, 'vol_mult': 1.177967232697602, 'atr_mult': 2.4522681769142087, 'sl_atr': 2.2, 'tp_atr': 0.9, 'max_bars_hold': 71}"
184,CAPITULATION,1.54,80.91,41.676,52.387,"{'strategy_type': 'CAPITULATION', 'b_lower': 0.05649078194096401, 'b_upper': 0.9809357647161748, 'b_trigger_l': 0.14413969821690517, 'b_trigger_s': 0.8783223846568462, 'vol_mult': 1.3103087247810892, 'atr_mult': 2.3606830338485127, 'sl_atr': 2.4, 'tp_atr': 0.8, 'max_bars_hold': 72}"
185,CAPITULATION,50.32,92.66,512.528,670.754,"{'strategy_type': 'CAPITULATION', 'b_lower': 0.06408936018326264, 'b_upper': 0.9611468234098606, 'b_trigger_l': 0.07981217400776566, 'b_trigger_s': 0.8902190776639477, 'vol_mult': 2.64685468906166, 'atr_mult': 2.5392919828052705, 'sl_atr': 2.0, 'tp_atr': 0.5, 'max_bars_hold': 75}"
186,CAPITULATION,50.33,92.66,225.862,384.118,"{'strategy_type': 'CAPITULATION', 'b_lower': 0.06440642446474557, 'b_upper': 0.9616742666426292, 'b_trigger_l': 0.0755317099600722, 'b_trigger_s': 0.8926413482929945, 'vol_mult': 2.6614060730524516, 'atr_mult': 2.5398101124384134, 'sl_atr': 1.9, 'tp_atr': 0.5, 'max_bars_hold': 78}"
187,CAPITULATION,50.31,91.97,12.723,170.85,"{'strategy_type': 'CAPITULATION', 'b_lower': 0.06795508184462365, 'b_upper': 0.9619826825768646, 'b_trigger_l': 0.0738219525334996, 'b_trigger_s': 0.8933123832374066, 'vol_mult': 2.681825637284966, 'atr_mult': 2.491618181699184, 'sl_atr': 1.9, 'tp_atr': 0.5, 'max_bars_hold': 77}"
189,CAPITULATION,49.76,83.34,225.436,381.05,"{'strategy_type': 'CAPITULATION', 'b_lower': 0.06966980619545846, 'b_upper': 0.9603438128717666, 'b_trigger_l': 0.07650405606598158, 'b_trigger_s': 0.89347152297056, 'vol_mult': 2.649933518994258, 'atr_mult': 2.4511449121091724, 'sl_atr': 1.4, 'tp_atr': 0.5, 'max_bars_hold': 77}"
190,CAPITULATION,25.42,80.84,225.436,307.78,"{'strategy_type': 'CAPITULATION', 'b_lower': 0.07309108741989385, 'b_upper': 0.9612232828759797, 'b_trigger_l': 0.07402778815106795, 'b_trigger_s': 0.8944731824648829, 'vol_mult': 2.6531586551188364, 'atr_mult': 2.4422900290117138, 'sl_atr': 1.4, 'tp_atr': 0.5, 'max_bars_hold': 82}"
191,CAPITULATION,25.52,79.52,12.128,116.64,"{'strategy_type': 'CAPITULATION', 'b_lower': 0.0734113065043585, 'b_upper': 0.9636093176431357, 'b_trigger_l': 0.07498984816733249, 'b_trigger_s': 0.8941348808527821, 'vol_mult': 2.681570163914783, 'atr_mult': 2.4499612242183324, 'sl_atr': 1.1, 'tp_atr': 0.5, 'max_bars_hold': 82}"
192,CAPITULATION,1.38,71.95,342.158,351.493,"{'strategy_type': 'CAPITULATION', 'b_lower': 0.06958879273835644, 'b_upper': 0.9614635622680934, 'b_trigger_l': 0.07497413004250096, 'b_trigger_s': 0.8981507378519193, 'vol_mult': 2.656267703302031, 'atr_mult': 2.420070574563337, 'sl_atr': 1.1, 'tp_atr': 0.7, 'max_bars_hold': 78}"
193,CAPITULATION,25.61,81.95,341.382,424.407,"{'strategy_type': 'CAPITULATION', 'b_lower': 0.0677475226514637, 'b_upper': 0.9587455738440848, 'b_trigger_l': 0.07681337883031614, 'b_trigger_s': 0.8985911051390665, 'vol_mult': 2.645123487727921, 'atr_mult': 2.4081584163070717, 'sl_atr': 1.5, 'tp_atr': 0.7, 'max_bars_hold': 85}"
194,CAPITULATION,25.5,77.75,341.488,423.763,"{'strategy_type': 'CAPITULATION', 'b_lower': 0.06862653589504134, 'b_upper': 0.9616682321142017, 'b_trigger_l': 0.07422256588492628, 'b_trigger_s': 0.9013170906692526, 'vol_mult': 2.649692145159455, 'atr_mult': 2.41200689918789, 'sl_atr': 1.3, 'tp_atr': 0.7, 'max_bars_hold': 84}"
195,CAPITULATION,25.56,78.45,341.488,424.013,"{'strategy_type': 'CAPITULATION', 'b_lower': 0.06781444229659826, 'b_upper': 0.9611313873343151, 'b_trigger_l': 0.07582395275723214, 'b_trigger_s': 0.8996615798376683, 'vol_mult': 2.645154640960688, 'atr_mult': 2.4028330504703233, 'sl_atr': 1.3, 'tp_atr': 0.7, 'max_bars_hold': 85}"
196,CAPITULATION,25.57,78.72,341.488,424.07,"{'strategy_type': 'CAPITULATION', 'b_lower': 0.069457247496484, 'b_upper': 0.9616618431550574, 'b_trigger_l': 0.07414332331773066, 'b_trigger_s': 0.8987619438530928, 'vol_mult': 2.644161642360232, 'atr_mult': 2.3931092928752227, 'sl_atr': 1.3, 'tp_atr': 0.7, 'max_bars_hold': 87}"
197,CAPITULATION,1.38,72.47,342.158,351.545,"{'strategy_type': 'CAPITULATION', 'b_lower': 0.06937716508919654, 'b_upper': 0.9630725747477926, 'b_trigger_l': 0.0749188033089781, 'b_trigger_s': 0.8993723509898022, 'vol_mult': 2.648643620770986, 'atr_mult': 2.3936399895560174, 'sl_atr': 1.1, 'tp_atr': 0.7, 'max_bars_hold': 85}"
198,CAPITULATION,1.21,71.52,13.657,22.439,"{'strategy_type': 'CAPITULATION', 'b_lower': 0.07044505746950101, 'b_upper': 0.9600692058129079, 'b_trigger_l': 0.08182088067449621, 'b_trigger_s': 0.9009460546601413, 'vol_mult': 2.653299082473373, 'atr_mult': 2.394334637943739, 'sl_atr': 1.1, 'tp_atr': 0.7, 'max_bars_hold': 87}"
199,CAPITULATION,1.83,75.31,457.822,468.843,"{'strategy_type': 'CAPITULATION', 'b_lower': 0.07367632824126086, 'b_upper': 0.9620416484045617, 'b_trigger_l': 0.06697360452029884, 'b_trigger_s': 0.8980291113002714, 'vol_mult': 2.6257557994578575, 'atr_mult': 2.3541178809235555, 'sl_atr': 1.4, 'tp_atr': 0.9, 'max_bars_hold': 86}"
201,CAPITULATION,1.46,78.57,32.121,42.358,"{'strategy_type': 'CAPITULATION', 'b_lower': 0.07364427818043998, 'b_upper': 0.9621639903166653, 'b_trigger_l': 0.065842647264619, 'b_trigger_s': 0.896782737945953, 'vol_mult': 2.6306996874734025, 'atr_mult': 2.328059075883496, 'sl_atr': 1.4, 'tp_atr': 0.7, 'max_bars_hold': 90}"
202,CAPITULATION,1.64,68.09,21.283,31.012,"{'strategy_type': 'CAPITULATION', 'b_lower': 0.06527453626342553, 'b_upper': 0.9658147155388048, 'b_trigger_l': 0.08003580884644555, 'b_trigger_s': 0.898327498681699, 'vol_mult': 2.6430359354667785, 'atr_mult': 2.4111119769709934, 'sl_atr': 1.1, 'tp_atr': 1.0, 'max_bars_hold': 93}"
203,CAPITULATION,2.13,76.8,23.175,35.245,"{'strategy_type': 'CAPITULATION', 'b_lower': 0.06984710790020532, 'b_upper': 0.9587017714013044, 'b_trigger_l': 0.070184824568055, 'b_trigger_s': 0.8902015194348792, 'vol_mult': 2.719961172781463, 'atr_mult': 2.3631296500559924, 'sl_atr': 1.4, 'tp_atr': 0.8, 'max_bars_hold': 84}"
204,CAPITULATION,1.11,73.12,283.479,292.121,"{'strategy_type': 'CAPITULATION', 'b_lower': 0.07205194756502446, 'b_upper': 0.9622965247014654, 'b_trigger_l': 0.07755191244884374, 'b_trigger_s': 0.9015984079601046, 'vol_mult': 2.592428208780942, 'atr_mult': 2.428340923364695, 'sl_atr': 1.2, 'tp_atr': 0.6, 'max_bars_hold': 84}"
205,CAPITULATION,1.32,74.79,278.581,288.02,"{'strategy_type': 'CAPITULATION', 'b_lower': 0.0725062278634884, 'b_upper': 0.9594381886104915, 'b_trigger_l': 0.07910427814741497, 'b_trigger_s': 0.9024390206999606, 'vol_mult': 2.5953185251524404, 'atr_mult': 2.432814100344507, 'sl_atr': 1.2, 'tp_atr': 0.6, 'max_bars_hold': 88}"
206,CAPITULATION,1.13,76.91,222.014,231.095,"{'strategy_type': 'CAPITULATION', 'b_lower': 0.07225669480411717, 'b_upper': 0.9624163495903467, 'b_trigger_l': 0.07780255148309413, 'b_trigger_s': 0.9030047885221997, 'vol_mult': 2.5941006069370376, 'atr_mult': 2.4259134831587232, 'sl_atr': 1.2, 'tp_atr': 0.5, 'max_bars_hold': 88}"
207,CAPITULATION,49.81,84.31,225.572,381.433,"{'strategy_type': 'CAPITULATION', 'b_lower': 0.07606508220464796, 'b_upper': 0.9621761192414411, 'b_trigger_l': 0.0769306970591992, 'b_trigger_s': 0.9021219244364244, 'vol_mult': 2.588554019945718, 'atr_mult': 2.4644890084153137, 'sl_atr': 1.3, 'tp_atr': 0.5, 'max_bars_hold': 88}"
208,CAPITULATION,49.88,83.86,222.41,378.436,"{'strategy_type': 'CAPITULATION', 'b_lower': 0.07246104155164328, 'b_upper': 0.9591439283710796, 'b_trigger_l': 0.07817524049357867, 'b_trigger_s': 0.9031159278331472, 'vol_mult': 2.591911771851907, 'atr_mult': 2.4650101337668913, 'sl_atr': 1.0, 'tp_atr': 0.5, 'max_bars_hold': 89}"
209,CAPITULATION,1.18,56.84,268.128,275.352,"{'strategy_type': 'CAPITULATION', 'b_lower': 0.07514402305775908, 'b_upper': 0.959335375569295, 'b_trigger_l': 0.0641002388597244, 'b_trigger_s': 0.8995977833970451, 'vol_mult': 2.549577292240655, 'atr_mult': 2.4468107993579014, 'sl_atr': 0.7, 'tp_atr': 0.6, 'max_bars_hold': 84}"
210,CAPITULATION,0.8,47.35,322.738,327.873,"{'strategy_type': 'CAPITULATION', 'b_lower': 0.075573431147837, 'b_upper': 0.9588512003406799, 'b_trigger_l': 0.06012527869220146, 'b_trigger_s': 0.9010969405916207, 'vol_mult': 2.631897445047704, 'atr_mult': 2.380406481824112, 'sl_atr': 0.7, 'tp_atr': 0.7, 'max_bars_hold': 84}"
211,CAPITULATION,0.62,42.36,323.836,327.932,"{'strategy_type': 'CAPITULATION', 'b_lower': 0.07609172638200354, 'b_upper': 0.959305071266741, 'b_trigger_l': 0.060557133086821396, 'b_trigger_s': 0.8998678649164116, 'vol_mult': 2.625426534765423, 'atr_mult': 2.3790515751869687, 'sl_atr': 0.6, 'tp_atr': 0.7, 'max_bars_hold': 84}"
212,CAPITULATION,0.58,40.1,323.836,327.586,"{'strategy_type': 'CAPITULATION', 'b_lower': 0.0764616513641269, 'b_upper': 0.9597136383836612, 'b_trigger_l': 0.060977039204397045, 'b_trigger_s': 0.8999687469238921, 'vol_mult': 2.5476394248789216, 'atr_mult': 2.3785554133985247, 'sl_atr': 0.6, 'tp_atr': 0.7, 'max_bars_hold': 84}"
213,CAPITULATION,0.75,44.48,378.416,383.114,"{'strategy_type': 'CAPITULATION', 'b_lower': 0.07753160061128937, 'b_upper': 0.9594084049369626, 'b_trigger_l': 0.06365348078742364, 'b_trigger_s': 0.8989006060803953, 'vol_mult': 2.5504053521535606, 'atr_mult': 2.3784740418687953, 'sl_atr': 0.7, 'tp_atr': 0.8, 'max_bars_hold': 84}"
214,CAPITULATION,0.66,40.62,13.82,17.862,"{'strategy_type': 'CAPITULATION', 'b_lower': 0.07752404907143526, 'b_upper': 0.9607129826710546, 'b_trigger_l': 0.056473855572916606, 'b_trigger_s': 0.90480384773109, 'vol_mult': 2.6237680511618646, 'atr_mult': 2.3286937957463003, 'sl_atr': 0.6, 'tp_atr': 0.8, 'max_bars_hold': 86}"
215,CAPITULATION,0.81,58.34,13.634,19.898,"{'strategy_type': 'CAPITULATION', 'b_lower': 0.0765556336856272, 'b_upper': 0.9570770386348064, 'b_trigger_l': 0.08545009303854811, 'b_trigger_s': 0.9016845295073276, 'vol_mult': 2.6769076082636443, 'atr_mult': 2.377944113009001, 'sl_atr': 0.9, 'tp_atr': 0.7, 'max_bars_hold': 83}"
216,CAPITULATION,1.02,53.3,543.117,549.507,"{'strategy_type': 'CAPITULATION', 'b_lower': 0.08026348041248085, 'b_upper': 0.9639932671575642, 'b_trigger_l': 0.06293072396853472, 'b_trigger_s': 0.8997397658827538, 'vol_mult': 2.6024276101444173, 'atr_mult': 2.386579976872723, 'sl_atr': 1.0, 'tp_atr': 1.1, 'max_bars_hold': 89}"
218,CAPITULATION,0.78,49.4,377.867,383.147,"{'strategy_type': 'CAPITULATION', 'b_lower': 0.08030278058912503, 'b_upper': 0.9628652995149305, 'b_trigger_l': 0.07154588956938562, 'b_trigger_s': 0.9060492991518966, 'vol_mult': 2.550327494972674, 'atr_mult': 2.3689495559834497, 'sl_atr': 0.8, 'tp_atr': 0.8, 'max_bars_hold': 92}"
220,CAPITULATION,1.28,67.06,25.074,33.62,"{'strategy_type': 'CAPITULATION', 'b_lower': 0.08072655010205744, 'b_upper': 0.9634610777071974, 'b_trigger_l': 0.06935120119768429, 'b_trigger_s': 0.9057004908643508, 'vol_mult': 2.65674806993197, 'atr_mult': 2.2945045131082327, 'sl_atr': 1.0, 'tp_atr': 0.8, 'max_bars_hold': 96}"
221,CAPITULATION,0.74,48.19,322.456,327.495,"{'strategy_type': 'CAPITULATION', 'b_lower': 0.07503765170336685, 'b_upper': 0.9614182636713192, 'b_trigger_l': 0.0729676410609026, 'b_trigger_s': 0.9004577223362666, 'vol_mult': 2.5725319071722104, 'atr_mult': 2.3898995679901893, 'sl_atr': 0.8, 'tp_atr': 0.7, 'max_bars_hold': 90}"
222,CAPITULATION,0.9,50.25,377.867,383.592,"{'strategy_type': 'CAPITULATION', 'b_lower': 0.07453271577043606, 'b_upper': 0.9610993996913616, 'b_trigger_l': 0.07200225380116373, 'b_trigger_s': 0.8992499602386921, 'vol_mult': 2.562615536048454, 'atr_mult': 2.383131316429316, 'sl_atr': 0.8, 'tp_atr': 0.8, 'max_bars_hold': 90}"
223,CAPITULATION,0.87,47.95,433.52,438.925,"{'strategy_type': 'CAPITULATION', 'b_lower': 0.08198471330890823, 'b_upper': 0.966806706117096, 'b_trigger_l': 0.07175202254559591, 'b_trigger_s': 0.8988546406815568, 'vol_mult': 2.5572513760381637, 'atr_mult': 2.396609386658672, 'sl_atr': 0.8, 'tp_atr': 0.9, 'max_bars_hold': 91}"
224,CAPITULATION,0.85,43.33,434.369,439.252,"{'strategy_type': 'CAPITULATION', 'b_lower': 0.0814579021815164, 'b_upper': 0.9667404830313766, 'b_trigger_l': 0.060712453810261524, 'b_trigger_s': 0.8991729642818127, 'vol_mult': 2.5254013777225044, 'atr_mult': 2.382175259865726, 'sl_atr': 0.7, 'tp_atr': 0.9, 'max_bars_hold': 91}"
225,CAPITULATION,0.77,40.63,505.799,510.172,"{'strategy_type': 'CAPITULATION', 'b_lower': 0.07954489268527262, 'b_upper': 0.9670378230051693, 'b_trigger_l': 0.06063437542270863, 'b_trigger_s': 0.8984043205894233, 'vol_mult': 2.5208367749204004, 'atr_mult': 2.375911063906203, 'sl_atr': 0.8, 'tp_atr': 1.1, 'max_bars_hold': 90}"
227,CAPITULATION,1.08,58.23,12.969,20.032,"{'strategy_type': 'CAPITULATION', 'b_lower': 0.08006337320156653, 'b_upper': 0.9674771570988547, 'b_trigger_l': 0.06038832468294004, 'b_trigger_s': 0.9080042336235236, 'vol_mult': 2.5132075265771787, 'atr_mult': 2.318003113631005, 'sl_atr': 1.0, 'tp_atr': 1.0, 'max_bars_hold': 91}"
228,CAPITULATION,0.74,35.06,576.464,580.19,"{'strategy_type': 'CAPITULATION', 'b_lower': 0.08729876605696403, 'b_upper': 0.9649618483270456, 'b_trigger_l': 0.06560515205095514, 'b_trigger_s': 0.9045570478327392, 'vol_mult': 2.558904528052382, 'atr_mult': 2.373601267971225, 'sl_atr': 0.6, 'tp_atr': 1.2, 'max_bars_hold': 86}"
230,CAPITULATION,1.0,49.2,600.51,606.43,"{'strategy_type': 'CAPITULATION', 'b_lower': 0.09143398797385412, 'b_upper': 0.9647311146790198, 'b_trigger_l': 0.06606563003075173, 'b_trigger_s': 0.9050891857973596, 'vol_mult': 2.617059237102061, 'atr_mult': 2.389758372337364, 'sl_atr': 0.9, 'tp_atr': 1.2, 'max_bars_hold': 87}"
231,CAPITULATION,1.12,52.71,600.51,607.141,"{'strategy_type': 'CAPITULATION', 'b_lower': 0.0913465594941776, 'b_upper': 0.9645506632123083, 'b_trigger_l': 0.06551962897084505, 'b_trigger_s': 0.904149286142959, 'vol_mult': 2.617636671965559, 'atr_mult': 2.364782376084179, 'sl_atr': 0.9, 'tp_atr': 1.2, 'max_bars_hold': 86}"
232,CAPITULATION,1.1,52.81,612.683,619.264,"{'strategy_type': 'CAPITULATION', 'b_lower': 0.08877139404048756, 'b_upper': 0.9650183238877275, 'b_trigger_l': 0.06657715789427772, 'b_trigger_s': 0.9040224070897656, 'vol_mult': 2.602982832089755, 'atr_mult': 2.396108461681838, 'sl_atr': 1.0, 'tp_atr': 1.3, 'max_bars_hold': 87}"
234,CAPITULATION,1.15,50.29,504.349,510.828,"{'strategy_type': 'CAPITULATION', 'b_lower': 0.08695208089738479, 'b_upper': 0.9652791534020292, 'b_trigger_l': 0.07139400594162999, 'b_trigger_s': 0.9065401510675514, 'vol_mult': 2.6900816740392615, 'atr_mult': 2.3993754318918854, 'sl_atr': 0.9, 'tp_atr': 1.2, 'max_bars_hold': 89}"
235,CAPITULATION,1.13,50.94,504.349,510.833,"{'strategy_type': 'CAPITULATION', 'b_lower': 0.09040940963355333, 'b_upper': 0.9640661969462962, 'b_trigger_l': 0.07144610547904275, 'b_trigger_s': 0.9068807384056571, 'vol_mult': 2.734037052031134, 'atr_mult': 2.4155133224341396, 'sl_atr': 0.9, 'tp_atr': 1.2, 'max_bars_hold': 89}"
236,CAPITULATION,1.0,49.99,0.069,6.068,"{'strategy_type': 'CAPITULATION', 'b_lower': 0.09104665387315876, 'b_upper': 0.9654960627046758, 'b_trigger_l': 0.07137067903171081, 'b_trigger_s': 0.9066471658222441, 'vol_mult': 2.7051665224948875, 'atr_mult': 2.2886744622804973, 'sl_atr': 0.9, 'tp_atr': 1.1, 'max_bars_hold': 89}"
237,CAPITULATION,0.9,41.58,465.704,470.562,"{'strategy_type': 'CAPITULATION', 'b_lower': 0.08867838249935983, 'b_upper': 0.9672825722907066, 'b_trigger_l': 0.06682888102110704, 'b_trigger_s': 0.9043515213361725, 'vol_mult': 2.7401334466586724, 'atr_mult': 2.3934346309733785, 'sl_atr': 0.8, 'tp_atr': 1.2, 'max_bars_hold': 91}"
239,CAPITULATION,0.94,48.3,504.349,509.999,"{'strategy_type': 'CAPITULATION', 'b_lower': 0.08871178658664657, 'b_upper': 0.9671489749002475, 'b_trigger_l': 0.0669938967529891, 'b_trigger_s': 0.9092541016392511, 'vol_mult': 2.723217333688725, 'atr_mult': 2.3622624088939865, 'sl_atr': 0.9, 'tp_atr': 1.2, 'max_bars_hold': 87}"
241,CAPITULATION,0.79,42.48,465.704,470.322,"{'strategy_type': 'CAPITULATION', 'b_lower': 0.0895441296426142, 'b_upper': 0.9650169665860748, 'b_trigger_l': 0.06548553550058123, 'b_trigger_s': 0.9036411206777167, 'vol_mult': 2.7128345453278473, 'atr_mult': 2.362117984665351, 'sl_atr': 0.8, 'tp_atr': 1.2, 'max_bars_hold': 90}"
244,CAPITULATION,1.02,46.49,560.246,565.955,"{'strategy_type': 'CAPITULATION', 'b_lower': 0.09171223594953988, 'b_upper': 0.9646681057951912, 'b_trigger_l': 0.07080137155633764, 'b_trigger_s': 0.9046297563148632, 'vol_mult': 2.6825984646704706, 'atr_mult': 2.4012437388947516, 'sl_atr': 0.9, 'tp_atr': 1.4, 'max_bars_hold': 87}"
245,CAPITULATION,0.93,42.44,607.829,612.863,"{'strategy_type': 'CAPITULATION', 'b_lower': 0.09266178062858577, 'b_upper': 0.9649692566115537, 'b_trigger_l': 0.0699891904784391, 'b_trigger_s': 0.9086306976831088, 'vol_mult': 2.7016740012573055, 'atr_mult': 2.351747895098194, 'sl_atr': 0.9, 'tp_atr': 1.5, 'max_bars_hold': 87}"
247,CAPITULATION,0.82,38.27,519.799,524.086,"{'strategy_type': 'CAPITULATION', 'b_lower': 0.09076942462090701, 'b_upper': 0.9676870611082119, 'b_trigger_l': 0.06412340566713955, 'b_trigger_s': 0.9069349243293156, 'vol_mult': 2.687484880227874, 'atr_mult': 2.3563091945324612, 'sl_atr': 0.7, 'tp_atr': 1.3, 'max_bars_hold': 86}"
249,RSI_ADX_CHOP,0.91,52.24,-0.5,5.454,"{'strategy_type': 'RSI_ADX_CHOP', 'adx_min': 7.667187723719149, 'adx_max': 32.6121094350757, 'chop_max': 68.92491840107832, 'rsi_os': 23.27770234563985, 'rsi_ob': 79.96186472313786, 'sl_atr': 0.9, 'tp_atr': 1.4, 'max_bars_hold': 90}"
250,CAPITULATION,1.1,48.64,649.18,655.344,"{'strategy_type': 'CAPITULATION', 'b_lower': 0.08634625474225213, 'b_upper': 0.966053980528377, 'b_trigger_l': 0.07188294146508914, 'b_trigger_s': 0.9126801252978665, 'vol_mult': 2.754191838692414, 'atr_mult': 2.402785447054347, 'sl_atr': 1.0, 'tp_atr': 1.6, 'max_bars_hold': 88}"
251,CAPITULATION,1.19,49.3,649.18,655.68,"{'strategy_type': 'CAPITULATION', 'b_lower': 0.08573036626333316, 'b_upper': 0.9661430647620262, 'b_trigger_l': 0.0653626544551605, 'b_trigger_s': 0.9123816202140865, 'vol_mult': 2.7746252551403403, 'atr_mult': 2.397557457031858, 'sl_atr': 1.0, 'tp_atr': 1.6, 'max_bars_hold': 87}"
252,CAPITULATION,1.11,51.48,-0.935,5.543,"{'strategy_type': 'CAPITULATION', 'b_lower': 0.08531612357940739, 'b_upper': 0.9669182501073248, 'b_trigger_l': 0.06604651304172943, 'b_trigger_s': 0.9123999698924823, 'vol_mult': 2.782733052996698, 'atr_mult': 2.311398887756715, 'sl_atr': 1.1, 'tp_atr': 1.6, 'max_bars_hold': 87}"
253,CAPITULATION,1.05,50.34,554.866,561.05,"{'strategy_type': 'CAPITULATION', 'b_lower': 0.0937095707026529, 'b_upper': 0.9657284059563108, 'b_trigger_l': 0.06514321198941338, 'b_trigger_s': 0.9099768218573154, 'vol_mult': 2.7371116557116224, 'atr_mult': 2.3936123229473423, 'sl_atr': 1.0, 'tp_atr': 1.4, 'max_bars_hold': 86}"
254,CAPITULATION,1.07,47.57,649.18,655.147,"{'strategy_type': 'CAPITULATION', 'b_lower': 0.0928813699729498, 'b_upper': 0.966619542439311, 'b_trigger_l': 0.06482726826182554, 'b_trigger_s': 0.9113444058350221, 'vol_mult': 2.7552043930203123, 'atr_mult': 2.4158113710399407, 'sl_atr': 1.0, 'tp_atr': 1.6, 'max_bars_hold': 86}"
255,CAPITULATION,0.94,44.05,649.18,654.405,"{'strategy_type': 'CAPITULATION', 'b_lower': 0.09814739421261044, 'b_upper': 0.9654889245005749, 'b_trigger_l': 0.05538541516570734, 'b_trigger_s': 0.9118640729912646, 'vol_mult': 2.751256992501982, 'atr_mult': 2.4007187432521486, 'sl_atr': 1.0, 'tp_atr': 1.6, 'max_bars_hold': 86}"
259,CAPITULATION,1.22,52.8,554.866,561.806,"{'strategy_type': 'CAPITULATION', 'b_lower': 0.09208880338810943, 'b_upper': 0.9650937048881749, 'b_trigger_l': 0.06741798234220651, 'b_trigger_s': 0.9092971729518223, 'vol_mult': 2.7530833229653653, 'atr_mult': 2.408513878029916, 'sl_atr': 1.0, 'tp_atr': 1.4, 'max_bars_hold': 86}"
260,CAPITULATION,1.15,48.96,649.18,655.526,"{'strategy_type': 'CAPITULATION', 'b_lower': 0.09232731375822971, 'b_upper': 0.9645578005317106, 'b_trigger_l': 0.0661290350764783, 'b_trigger_s': 0.9118405319399048, 'vol_mult': 2.7546536839027866, 'atr_mult': 2.4103029642865286, 'sl_atr': 1.0, 'tp_atr': 1.6, 'max_bars_hold': 86}"
265,CAPITULATION,0.97,48.96,504.349,510.155,"{'strategy_type': 'CAPITULATION', 'b_lower': 0.08613175263488651, 'b_upper': 0.9643550687626301, 'b_trigger_l': 0.052233005399512936, 'b_trigger_s': 0.9116899537126215, 'vol_mult': 2.745596522670941, 'atr_mult': 2.409986484717807, 'sl_atr': 0.9, 'tp_atr': 1.2, 'max_bars_hold': 86}"
266,CAPITULATION,0.78,42.74,512.858,517.472,"{'strategy_type': 'CAPITULATION', 'b_lower': 0.08550724325854084, 'b_upper': 0.9645302505028069, 'b_trigger_l': 0.05761189553552503, 'b_trigger_s': 0.9118005011022534, 'vol_mult': 2.7487632595995604, 'atr_mult': 2.3613071110982027, 'sl_atr': 0.9, 'tp_atr': 1.3, 'max_bars_hold': 86}"
269,CAPITULATION,1.1,43.23,703.102,708.725,"{'strategy_type': 'CAPITULATION', 'b_lower': 0.09204142960983414, 'b_upper': 0.9638374988940371, 'b_trigger_l': 0.05275338179715616, 'b_trigger_s': 0.9172067652517658, 'vol_mult': 2.8391808056765844, 'atr_mult': 2.3390134773502496, 'sl_atr': 0.9, 'tp_atr': 1.7, 'max_bars_hold': 86}"
271,CAPITULATION,1.0,45.46,649.18,654.726,"{'strategy_type': 'CAPITULATION', 'b_lower': 0.09476268559087014, 'b_upper': 0.9640227555667039, 'b_trigger_l': 0.05399375003291189, 'b_trigger_s': 0.9161028706863685, 'vol_mult': 2.797272748461388, 'atr_mult': 2.4221336087739194, 'sl_atr': 1.0, 'tp_atr': 1.6, 'max_bars_hold': 86}"
272,CAPITULATION,1.0,45.46,649.18,654.726,"{'strategy_type': 'CAPITULATION', 'b_lower': 0.09457535925340342, 'b_upper': 0.964385947155101, 'b_trigger_l': 0.05315228319112789, 'b_trigger_s': 0.9156212561757251, 'vol_mult': 2.8027283699682903, 'atr_mult': 2.4246924764265123, 'sl_atr': 1.0, 'tp_atr': 1.6, 'max_bars_hold': 86}"
273,CAPITULATION,0.98,47.13,643.65,649.303,"{'strategy_type': 'CAPITULATION', 'b_lower': 0.0960445038408576, 'b_upper': 0.9647456642306758, 'b_trigger_l': 0.05337391190261147, 'b_trigger_s': 0.9213170040215262, 'vol_mult': 2.8026971656662667, 'atr_mult': 2.4249371688392283, 'sl_atr': 1.1, 'tp_atr': 1.6, 'max_bars_hold': 86}"
275,CAPITULATION,1.0,45.46,649.18,654.726,"{'strategy_type': 'CAPITULATION', 'b_lower': 0.09994019947126576, 'b_upper': 0.9640022336361014, 'b_trigger_l': 0.05356546870239121, 'b_trigger_s': 0.9201809126321081, 'vol_mult': 2.8013778204669055, 'atr_mult': 2.4252309144943465, 'sl_atr': 1.0, 'tp_atr': 1.6, 'max_bars_hold': 85}"
276,CAPITULATION,1.07,51.53,688.356,694.719,"{'strategy_type': 'CAPITULATION', 'b_lower': 0.09897008604887059, 'b_upper': 0.9637604493321215, 'b_trigger_l': 0.053638203204374936, 'b_trigger_s': 0.9209882830039294, 'vol_mult': 2.839917787319524, 'atr_mult': 2.4344295084869554, 'sl_atr': 1.2, 'tp_atr': 1.6, 'max_bars_hold': 85}"
277,CAPITULATION,1.16,53.75,688.356,695.211,"{'strategy_type': 'CAPITULATION', 'b_lower': 0.09690906444114891, 'b_upper': 0.9643190206672236, 'b_trigger_l': 0.05428594153399073, 'b_trigger_s': 0.9247697232822064, 'vol_mult': 2.854136284747261, 'atr_mult': 2.4320016449575506, 'sl_atr': 1.2, 'tp_atr': 1.6, 'max_bars_hold': 85}"
278,CAPITULATION,1.28,49.0,-0.091,6.649,"{'strategy_type': 'CAPITULATION', 'b_lower': 0.09950531856669655, 'b_upper': 0.9640617799531599, 'b_trigger_l': 0.051959271763769015, 'b_trigger_s': 0.921095476861313, 'vol_mult': 2.8678877447338302, 'atr_mult': 2.4322602461125395, 'sl_atr': 1.2, 'tp_atr': 2.1, 'max_bars_hold': 83}"
279,CAPITULATION,0.98,45.99,691.068,696.607,"{'strategy_type': 'CAPITULATION', 'b_lower': 0.09533572379422241, 'b_upper': 0.9635448718826455, 'b_trigger_l': 0.05370331580278159, 'b_trigger_s': 0.9230531373705284, 'vol_mult': 2.835750517385709, 'atr_mult': 2.433784358612655, 'sl_atr': 1.1, 'tp_atr': 1.7, 'max_bars_hold': 86}"
280,CAPITULATION,1.07,51.53,688.356,694.719,"{'strategy_type': 'CAPITULATION', 'b_lower': 0.09598647227715619, 'b_upper': 0.9634274535527667, 'b_trigger_l': 0.054992754425087845, 'b_trigger_s': 0.9232032235346326, 'vol_mult': 2.8374527250553365, 'atr_mult': 2.4405404690431554, 'sl_atr': 1.2, 'tp_atr': 1.6, 'max_bars_hold': 85}"
281,CAPITULATION,1.27,53.91,688.356,695.557,"{'strategy_type': 'CAPITULATION', 'b_lower': 0.09619468483293252, 'b_upper': 0.9633868907318245, 'b_trigger_l': 0.05430967838770458, 'b_trigger_s': 0.9230436363278678, 'vol_mult': 2.8346213260521056, 'atr_mult': 2.445013563199571, 'sl_atr': 1.2, 'tp_atr': 1.6, 'max_bars_hold': 81}"
282,CAPITULATION,1.36,54.17,735.577,743.074,"{'strategy_type': 'CAPITULATION', 'b_lower': 0.0955522545682972, 'b_upper': 0.9639526979426188, 'b_trigger_l': 0.054044969450342574, 'b_trigger_s': 0.9216821123454838, 'vol_mult': 2.8466693659544746, 'atr_mult': 2.5062097153551544, 'sl_atr': 1.2, 'tp_atr': 1.7, 'max_bars_hold': 81}"
283,CAPITULATION,1.31,53.03,735.577,742.81,"{'strategy_type': 'CAPITULATION', 'b_lower': 0.09744647523802358, 'b_upper': 0.9630777987753762, 'b_trigger_l': 0.05500502779861398, 'b_trigger_s': 0.9231781614104463, 'vol_mult': 2.8390264416057436, 'atr_mult': 2.5044464241202102, 'sl_atr': 1.2, 'tp_atr': 1.7, 'max_bars_hold': 81}"
284,CAPITULATION,1.4,57.2,735.577,743.497,"{'strategy_type': 'CAPITULATION', 'b_lower': 0.09673152635877022, 'b_upper': 0.9633562080036671, 'b_trigger_l': 0.05341165560164958, 'b_trigger_s': 0.9258149201972627, 'vol_mult': 2.8425417897207783, 'atr_mult': 2.525618516000761, 'sl_atr': 1.2, 'tp_atr': 1.7, 'max_bars_hold': 80}"
285,CAPITULATION,1.01,44.77,0.459,5.966,"{'strategy_type': 'CAPITULATION', 'b_lower': 0.09701608539190379, 'b_upper': 0.9629109195791887, 'b_trigger_l': 0.05361905297773992, 'b_trigger_s': 0.9259467446186399, 'vol_mult': 2.845205323797789, 'atr_mult': 1.8287743020407972, 'sl_atr': 1.2, 'tp_atr': 2.0, 'max_bars_hold': 80}"
286,CAPITULATION,1.38,52.78,-0.263,7.155,"{'strategy_type': 'CAPITULATION', 'b_lower': 0.09579182914674807, 'b_upper': 0.9631487068165585, 'b_trigger_l': 0.05422194183008552, 'b_trigger_s': 0.9229004860348001, 'vol_mult': 2.8149931585531434, 'atr_mult': 2.5070832643023238, 'sl_atr': 1.2, 'tp_atr': 1.8, 'max_bars_hold': 81}"
287,CAPITULATION,1.26,53.03,735.577,742.66,"{'strategy_type': 'CAPITULATION', 'b_lower': 0.09977292878516719, 'b_upper': 0.9632955013264176, 'b_trigger_l': 0.054189607000385644, 'b_trigger_s': 0.9285660090964556, 'vol_mult': 2.889516878259798, 'atr_mult': 2.5184087454559885, 'sl_atr': 1.2, 'tp_atr': 1.7, 'max_bars_hold': 83}"
288,CAPITULATION,1.36,54.81,735.577,743.138,"{'strategy_type': 'CAPITULATION', 'b_lower': 0.09994004068468014, 'b_upper': 0.9693949525477196, 'b_trigger_l': 0.05377847561033767, 'b_trigger_s': 0.9271313414884164, 'vol_mult': 2.869030650710385, 'atr_mult': 2.500614209564762, 'sl_atr': 1.2, 'tp_atr': 1.7, 'max_bars_hold': 82}"
291,CAPITULATION,1.28,55.3,688.356,695.726,"{'strategy_type': 'CAPITULATION', 'b_lower': 0.09737182840263019, 'b_upper': 0.9626316447402484, 'b_trigger_l': 0.050141571407641174, 'b_trigger_s': 0.9252756103772656, 'vol_mult': 2.896534853575632, 'atr_mult': 2.495954746897818, 'sl_atr': 1.2, 'tp_atr': 1.6, 'max_bars_hold': 83}"
292,CAPITULATION,1.23,55.3,686.986,694.206,"{'strategy_type': 'CAPITULATION', 'b_lower': 0.09760243243929559, 'b_upper': 0.962357692342837, 'b_trigger_l': 0.05398096498530964, 'b_trigger_s': 0.9265230402953333, 'vol_mult': 2.8969912852803814, 'atr_mult': 2.5173210703132516, 'sl_atr': 1.3, 'tp_atr': 1.6, 'max_bars_hold': 83}"
293,CAPITULATION,1.43,60.66,686.986,695.342,"{'strategy_type': 'CAPITULATION', 'b_lower': 0.09771906768521295, 'b_upper': 0.9626379322098529, 'b_trigger_l': 0.05494098825980171, 'b_trigger_s': 0.9262273780750871, 'vol_mult': 2.8964168899074454, 'atr_mult': 2.5040041161893556, 'sl_atr': 1.3, 'tp_atr': 1.6, 'max_bars_hold': 80}"
294,CAPITULATION,1.43,54.56,-0.279,7.467,"{'strategy_type': 'CAPITULATION', 'b_lower': 0.09800709100118753, 'b_upper': 0.9627273872765099, 'b_trigger_l': 0.05522753594898144, 'b_trigger_s': 0.9259350396145719, 'vol_mult': 2.893946187550238, 'atr_mult': 2.5124623441924983, 'sl_atr': 1.3, 'tp_atr': 1.9, 'max_bars_hold': 83}"
296,CAPITULATION,1.55,61.67,688.625,697.442,"{'strategy_type': 'CAPITULATION', 'b_lower': 0.09576501646623954, 'b_upper': 0.9626699583539087, 'b_trigger_l': 0.05313323092870448, 'b_trigger_s': 0.9336676933994049, 'vol_mult': 2.8421082414392305, 'atr_mult': 2.5317322819102963, 'sl_atr': 1.2, 'tp_atr': 1.6, 'max_bars_hold': 80}"
297,CAPITULATION,1.32,59.28,687.253,695.141,"{'strategy_type': 'CAPITULATION', 'b_lower': 0.09595777846434642, 'b_upper': 0.9625322780690855, 'b_trigger_l': 0.050168982915529174, 'b_trigger_s': 0.9336712103892072, 'vol_mult': 2.846043317625557, 'atr_mult': 2.542625234983708, 'sl_atr': 1.3, 'tp_atr': 1.6, 'max_bars_hold': 80}"
298,CAPITULATION,1.26,56.78,734.298,741.756,"{'strategy_type': 'CAPITULATION', 'b_lower': 0.09768187875752407, 'b_upper': 0.9621903857905066, 'b_trigger_l': 0.050504253795698166, 'b_trigger_s': 0.9330741493615576, 'vol_mult': 2.8580836341762987, 'atr_mult': 2.537452180837735, 'sl_atr': 1.3, 'tp_atr': 1.7, 'max_bars_hold': 80}"
299,CAPITULATION,1.51,62.92,-0.216,8.606,"{'strategy_type': 'CAPITULATION', 'b_lower': 0.0953806203588868, 'b_upper': 0.9606171692350479, 'b_trigger_l': 0.050019006104565666, 'b_trigger_s': 0.9339476042946045, 'vol_mult': 2.8514456259328638, 'atr_mult': 2.5369949263371105, 'sl_atr': 1.5, 'tp_atr': 1.8, 'max_bars_hold': 80}"
