Regime,Trigger,Param,SL_ATR,TP_ATR,Trades,WinRate,ProfitFactor,Expectancy
HTF_Trend,BB_Exhaustion,2.5,1.5,3.0,57,47.37,1.14,8.83
HTF_Trend,BB_Exhaustion,2.5,1.0,3.0,57,40.35,1.12,9.0173
HTF_Trend,BB_Exhaustion,2.5,1.0,2.0,57,45.61,1.1,7.3668
HTF_Trend,BB_Exhaustion,2.5,2.0,3.0,57,49.12,1.05,2.8157
HTF_Trend,BB_Exhaustion,2.5,1.5,2.0,57,50.88,1.01,0.5459
HTF_Trend,BB_Exhaustion,2.5,2.0,2.0,57,54.39,0.97,-1.3446
HTF_Trend,BB_Exhaustion,2.5,1.0,1.5,57,47.37,0.88,-7.6185
Chop_Squeeze,RSI_Extreme,10,2.0,3.0,405,46.46,0.88,-7.1256
Chop_Squeeze,RSI_Extreme,10,1.5,3.0,406,41.13,0.88,-8.0783
HTF_Trend,BB_Exhaustion,2.5,1.5,1.0,58,65.52,0.84,-6.4345
HTF_Trend,BB_Exhaustion,2.5,1.0,1.0,58,58.62,0.84,-8.4333
HTF_Trend,BB_Exhaustion,2.5,2.0,1.5,57,57.89,0.84,-7.0016
HTF_Trend,BB_Exhaustion,2.0,2.0,3.0,917,44.05,0.84,-8.7063
HTF_Trend,BB_Exhaustion,2.0,1.5,3.0,922,39.7,0.84,-9.8199
HTF_Trend,BB_Exhaustion,2.5,2.0,1.0,58,68.97,0.83,-5.3376
HTF_Trend,BB_Exhaustion,2.0,1.0,3.0,944,32.08,0.83,-12.8413
Chop_Squeeze,BB_Exhaustion,2.5,1.5,2.0,119,46.08,0.82,-12.3912
Chop_Squeeze,RSI_Extreme,10,2.0,2.0,408,53.06,0.81,-9.7615
HTF_Trend,BB_Exhaustion,2.5,1.5,1.5,57,52.63,0.81,-10.3556
Chop_Squeeze,BB_Exhaustion,2.5,2.0,3.0,118,41.62,0.81,-14.0224
HTF_Trend,BB_Exhaustion,2.5,0.5,2.0,57,26.32,0.81,-20.3874
Chop_Squeeze,BB_Exhaustion,2.5,2.0,2.0,119,50.4,0.8,-12.2782
Chop_Squeeze,RSI_Extreme,10,1.5,2.0,409,47.17,0.8,-12.6183
Chop_Squeeze,BB_Exhaustion,2.5,1.5,3.0,118,37.26,0.8,-14.6894
No_Filter,BB_Exhaustion,2.0,2.0,3.0,20028,43.33,0.79,-1.991
No_Filter,RSI_Extreme,10,2.0,3.0,17747,43.16,0.79,-2.2363
HTF_Trend,RSI_Extreme,15,2.0,3.0,4577,43.06,0.79,-6.5562
No_Filter,BB_Exhaustion,2.5,2.0,3.0,9621,42.77,0.79,-3.9988
Chop_Squeeze,RSI_Extreme,10,1.0,3.0,406,30.92,0.79,-18.1218
Chop_Squeeze,BB_Exhaustion,2.5,2.0,1.5,119,57.02,0.78,-11.4054
HTF_Trend,RSI_Extreme,10,2.0,3.0,1641,43.68,0.78,-9.7401
No_Filter,RSI_Extreme,15,2.0,3.0,24321,43.4,0.78,-1.6441
No_Filter,RSI_Extreme,20,2.0,3.0,28390,43.11,0.78,-1.4093
No_Filter,StochRSI_Cross,N/A,2.0,3.0,27320,41.87,0.78,-1.4645
No_Filter,BB_Exhaustion,2.0,1.5,3.0,21784,37.61,0.78,-1.8357
No_Filter,RSI_Extreme,10,1.5,3.0,19322,37.12,0.78,-2.0687
No_Filter,BB_Exhaustion,2.5,1.5,3.0,9973,36.89,0.78,-3.9358
Chop_Squeeze,RSI_Extreme,10,0.5,3.0,408,20.96,0.78,-25.2686
HTF_Trend,BB_Exhaustion,2.0,2.0,2.0,920,50.42,0.77,-10.9934
Chop_Squeeze,RSI_Extreme,15,2.0,3.0,1787,43.06,0.77,-9.7932
HTF_Trend,RSI_Extreme,15,1.5,3.0,4639,38.27,0.77,-7.2657
HTF_Trend,RSI_Extreme,10,2.0,2.0,1650,50.65,0.76,-9.639
HTF_Trend,RSI_Extreme,15,2.0,2.0,4669,49.8,0.76,-6.691
HTF_Trend,BB_Exhaustion,2.0,1.5,2.0,925,45.52,0.76,-13.062
Chop_Squeeze,RSI_Extreme,20,2.0,3.0,4000,42.51,0.76,-7.5094
HTF_Trend,RSI_Extreme,10,1.5,3.0,1651,38.8,0.76,-12.0854
No_Filter,RSI_Extreme,20,1.5,3.0,32061,37.67,0.76,-1.2481
No_Filter,RSI_Extreme,15,1.5,3.0,27122,37.54,0.76,-1.4751
HTF_Trend,BB_Exhaustion,2.0,2.0,1.5,931,58.36,0.75,-9.9768
Chop_Squeeze,BB_Exhaustion,2.5,1.5,1.5,119,51.94,0.75,-14.3868
No_Filter,StochRSI_Cross,N/A,2.0,2.0,32519,48.75,0.75,-1.2306
HTF_Trend,RSI_Extreme,10,1.5,2.0,1660,45.46,0.75,-11.9483
HTF_Trend,RSI_Extreme,20,2.0,3.0,8291,42.32,0.75,-4.5065
HTF_Trend,BB_Exhaustion,2.0,1.0,2.0,947,37.8,0.75,-16.4124
Chop_Squeeze,RSI_Extreme,15,1.5,3.0,1799,37.29,0.75,-11.81
No_Filter,BB_Exhaustion,2.0,1.0,3.0,24368,29.56,0.75,-1.6416
No_Filter,BB_Exhaustion,2.5,1.0,3.0,10437,29.12,0.75,-3.8162
HTF_Trend,BB_Exhaustion,2.0,2.0,1.0,951,69.97,0.74,-8.2026
Chop_Squeeze,RSI_Extreme,10,2.0,1.5,412,59.21,0.74,-11.9716
No_Filter,BB_Exhaustion,2.0,2.0,2.0,21538,50.45,0.74,-1.8538
No_Filter,RSI_Extreme,10,2.0,2.0,19228,50.23,0.74,-2.0748
No_Filter,RSI_Extreme,15,2.0,2.0,27656,50.07,0.74,-1.4472
HTF_Trend,RSI_Extreme,20,2.0,2.0,8684,49.46,0.74,-4.2794
HTF_Trend,RSI_Extreme,15,1.5,2.0,4728,44.66,0.74,-7.3332
HTF_Trend,RSI_Extreme,10,1.0,2.0,1695,38.09,0.74,-14.0874
Chop_Squeeze,RSI_Extreme,10,1.0,2.0,409,37.91,0.74,-19.8351
Chop_Squeeze,RSI_Extreme,20,1.5,3.0,4043,37.22,0.74,-8.0786
No_Filter,StochRSI_Cross,N/A,1.5,3.0,30497,36.5,0.74,-1.3118
No_Filter,BB_Exhaustion,3.0,1.5,3.0,3157,36.42,0.74,-9.7459
HTF_Trend,RSI_Extreme,10,1.0,3.0,1686,31.7,0.74,-14.4229
No_Filter,RSI_Extreme,10,1.0,3.0,21578,29.77,0.74,-1.8539
No_Filter,RSI_Extreme,15,1.0,3.0,31607,29.58,0.74,-1.2659
HTF_Trend,RSI_Extreme,10,2.0,1.5,1661,57.25,0.73,-9.6144
HTF_Trend,RSI_Extreme,15,2.0,1.5,4743,56.37,0.73,-6.623
Chop_Squeeze,RSI_Extreme,10,1.5,1.5,413,53.08,0.73,-15.2958
HTF_Trend,BB_Exhaustion,2.0,1.5,1.5,935,52.68,0.73,-13.1847
No_Filter,RSI_Extreme,20,2.0,2.0,33351,49.97,0.73,-1.2001
No_Filter,RSI_Extreme,10,1.5,2.0,20804,44.16,0.73,-1.9228
No_Filter,BB_Exhaustion,3.0,2.0,3.0,3132,41.36,0.73,-9.4267
Chop_Squeeze,BB_Exhaustion,2.0,2.0,3.0,1053,41.09,0.73,-13.527
Chop_Squeeze,StochRSI_Cross,N/A,2.0,3.0,3948,40.98,0.73,-8.3451
HTF_Trend,RSI_Extreme,20,1.5,3.0,8512,37.3,0.73,-4.5831
Chop_Squeeze,StochRSI_Cross,N/A,1.5,3.0,4067,36.11,0.73,-8.6401
HTF_Trend,RSI_Extreme,15,1.0,3.0,4820,29.7,0.73,-7.9024
Chop_Squeeze,RSI_Extreme,15,2.0,2.0,1809,49.77,0.72,-10.936
Chop_Squeeze,BB_Exhaustion,2.0,2.0,2.0,1097,49.05,0.72,-12.4096
HTF_Trend,RSI_Extreme,10,1.0,1.5,1705,44.99,0.72,-13.7349
No_Filter,BB_Exhaustion,2.0,1.5,2.0,23277,44.39,0.72,-1.7186
HTF_Trend,RSI_Extreme,20,1.5,2.0,8901,44.12,0.72,-4.3674
HTF_Trend,StochRSI_Cross,N/A,2.0,3.0,16618,40.78,0.72,-2.4051
No_Filter,BB_Exhaustion,3.0,1.0,3.0,3196,28.8,0.72,-10.7261
HTF_Trend,RSI_Extreme,10,1.5,1.5,1670,51.95,0.71,-12.0114
HTF_Trend,RSI_Extreme,15,1.5,1.5,4800,51.11,0.71,-7.246
No_Filter,BB_Exhaustion,2.5,2.0,2.0,9919,49.86,0.71,-3.9222
No_Filter,RSI_Extreme,15,1.5,2.0,30725,44.05,0.71,-1.3026
No_Filter,RSI_Extreme,10,1.0,2.0,22970,36.24,0.71,-1.7419
HTF_Trend,StochRSI_Cross,N/A,1.5,3.0,18292,35.71,0.71,-2.1869
Chop_Squeeze,BB_Exhaustion,2.0,1.5,3.0,1058,35.08,0.71,-16.3316
No_Filter,RSI_Extreme,20,1.0,3.0,38521,29.37,0.71,-1.0387
Chop_Squeeze,RSI_Extreme,10,0.5,2.0,411,26.18,0.71,-31.0345
Chop_Squeeze,BB_Exhaustion,2.5,2.0,1.0,119,67.03,0.7,-11.5681
No_Filter,RSI_Extreme,10,2.0,1.5,20130,56.8,0.7,-1.984
No_Filter,RSI_Extreme,20,2.0,1.5,37597,56.38,0.7,-1.0646
HTF_Trend,RSI_Extreme,20,2.0,1.5,8949,55.76,0.7,-4.2324
Chop_Squeeze,RSI_Extreme,20,2.0,2.0,4142,49.17,0.7,-7.7481
Chop_Squeeze,StochRSI_Cross,N/A,2.0,2.0,4029,48.7,0.7,-8.2503
No_Filter,RSI_Extreme,20,1.5,2.0,37746,44.2,0.7,-1.0603
No_Filter,BB_Exhaustion,3.0,1.5,2.0,3176,43.88,0.7,-9.8526
No_Filter,BB_Exhaustion,2.5,1.5,2.0,10232,43.73,0.7,-3.8692
Chop_Squeeze,StochRSI_Cross,N/A,1.5,2.0,4155,43.34,0.7,-8.6722
No_Filter,StochRSI_Cross,N/A,1.5,2.0,36293,43.08,0.7,-1.1025
Chop_Squeeze,StochRSI_Cross,N/A,1.0,3.0,4318,28.23,0.7,-8.9341
HTF_Trend,BB_Exhaustion,2.5,2.0,0.5,58,82.76,0.69,-4.9669
HTF_Trend,BB_Exhaustion,2.0,1.5,1.0,955,64.15,0.69,-11.7628
No_Filter,BB_Exhaustion,2.0,2.0,1.5,22652,57.06,0.69,-1.7648
No_Filter,RSI_Extreme,15,2.0,1.5,30259,56.63,0.69,-1.3228
No_Filter,StochRSI_Cross,N/A,2.0,1.5,37106,55.19,0.69,-1.0784
No_Filter,RSI_Extreme,10,1.5,1.5,21594,50.87,0.69,-1.8525
HTF_Trend,StochRSI_Cross,N/A,2.0,2.0,17880,47.42,0.69,-2.2362
HTF_Trend,BB_Exhaustion,2.0,1.0,1.5,957,43.84,0.69,-17.8478
Chop_Squeeze,RSI_Extreme,15,1.5,2.0,1822,43.67,0.69,-13.1052
Chop_Squeeze,BB_Exhaustion,2.0,1.5,2.0,1101,42.74,0.69,-15.7713
HTF_Trend,StochRSI_Cross,N/A,1.5,2.0,19635,42.19,0.69,-2.0374
HTF_Trend,RSI_Extreme,15,1.0,2.0,4903,35.65,0.69,-7.8339
Chop_Squeeze,BB_Exhaustion,2.5,1.0,2.0,119,35.6,0.69,-23.8393
HTF_Trend,StochRSI_Cross,N/A,1.0,3.0,20815,27.92,0.69,-1.9218
No_Filter,BB_Exhaustion,2.5,0.5,3.0,11003,18.23,0.69,-3.6375
HTF_Trend,BB_Exhaustion,2.5,1.5,0.5,58,79.31,0.68,-6.5929
Chop_Squeeze,RSI_Extreme,15,2.0,1.5,1850,56.59,0.68,-10.8155
No_Filter,BB_Exhaustion,3.0,2.0,2.0,3151,48.9,0.68,-9.4986
Chop_Squeeze,RSI_Extreme,20,1.5,2.0,4187,43.52,0.68,-8.3377
Chop_Squeeze,RSI_Extreme,10,1.0,1.5,413,43.2,0.68,-22.6499
No_Filter,BB_Exhaustion,2.0,1.0,2.0,25798,35.94,0.68,-1.5506
No_Filter,RSI_Extreme,15,1.0,2.0,35571,35.74,0.68,-1.1249
No_Filter,RSI_Extreme,20,1.0,2.0,45061,35.62,0.68,-0.888
No_Filter,BB_Exhaustion,2.5,1.0,2.0,10649,35.36,0.68,-3.7518
HTF_Trend,RSI_Extreme,20,1.0,3.0,9046,29.52,0.68,-4.4028
No_Filter,StochRSI_Cross,N/A,1.0,3.0,35487,28.51,0.68,-1.1274
Chop_Squeeze,RSI_Extreme,20,2.0,1.5,4371,55.7,0.67,-7.5123
Chop_Squeeze,BB_Exhaustion,2.0,2.0,1.5,1119,55.27,0.67,-13.1414
HTF_Trend,RSI_Extreme,20,1.5,1.5,9153,50.26,0.67,-4.2871
No_Filter,RSI_Extreme,10,1.0,1.5,23626,42.63,0.67,-1.6934
HTF_Trend,StochRSI_Cross,N/A,1.0,2.0,22187,33.79,0.67,-1.803
HTF_Trend,BB_Exhaustion,2.0,0.5,3.0,993,18.85,0.67,-27.3521
No_Filter,BB_Exhaustion,3.0,0.5,3.0,3234,18.73,0.67,-11.362
HTF_Trend,RSI_Extreme,10,2.0,1.0,1673,66.31,0.66,-9.6687
HTF_Trend,RSI_Extreme,15,2.0,1.0,4835,66.21,0.66,-6.4624
No_Filter,BB_Exhaustion,2.5,2.0,1.5,10098,56.21,0.66,-3.8854
HTF_Trend,StochRSI_Cross,N/A,2.0,1.5,18896,53.93,0.66,-2.1164
No_Filter,BB_Exhaustion,2.0,1.5,1.5,24314,51.03,0.66,-1.6454
Chop_Squeeze,RSI_Extreme,15,1.5,1.5,1863,50.42,0.66,-12.7673
No_Filter,StochRSI_Cross,N/A,1.5,1.5,41312,49.51,0.66,-0.9685
HTF_Trend,StochRSI_Cross,N/A,1.5,1.5,20665,48.61,0.66,-1.936
HTF_Trend,RSI_Extreme,15,1.0,1.5,4973,42.12,0.66,-7.7057
HTF_Trend,RSI_Extreme,20,1.0,2.0,9435,35.61,0.66,-4.2244
No_Filter,BB_Exhaustion,3.0,1.0,2.0,3207,35.43,0.66,-10.9148
No_Filter,StochRSI_Cross,N/A,1.0,2.0,41825,34.64,0.66,-0.9566
Chop_Squeeze,RSI_Extreme,20,1.0,3.0,4140,28.14,0.66,-9.186
Chop_Squeeze,RSI_Extreme,15,1.0,3.0,1818,27.83,0.66,-16.405
HTF_Trend,RSI_Extreme,15,0.5,3.0,5271,17.82,0.66,-7.5711
HTF_Trend,RSI_Extreme,15,1.5,1.0,4890,61.15,0.65,-7.1446
No_Filter,BB_Exhaustion,3.0,1.5,1.5,3187,50.65,0.65,-9.9478
No_Filter,RSI_Extreme,15,1.5,1.5,33311,50.47,0.65,-1.2014
Chop_Squeeze,RSI_Extreme,20,1.5,1.5,4415,49.82,0.65,-7.9959
Chop_Squeeze,StochRSI_Cross,N/A,1.0,2.0,4413,34.64,0.65,-8.8838
Chop_Squeeze,RSI_Extreme,10,0.5,1.5,415,30.85,0.65,-34.3894
No_Filter,RSI_Extreme,20,0.5,3.0,50662,18.39,0.65,-0.7897
No_Filter,BB_Exhaustion,2.0,0.5,3.0,28041,18.27,0.65,-1.4266
Chop_Squeeze,RSI_Extreme,10,2.0,1.0,415,66.84,0.64,-13.7137
Chop_Squeeze,RSI_Extreme,10,1.5,1.0,416,61.54,0.64,-16.7542
HTF_Trend,RSI_Extreme,10,1.5,1.0,1684,61.21,0.64,-12.2248
Chop_Squeeze,BB_Exhaustion,2.5,1.5,1.0,119,61.19,0.64,-16.5137
No_Filter,BB_Exhaustion,3.0,2.0,1.5,3166,55.49,0.64,-9.5026
Chop_Squeeze,StochRSI_Cross,N/A,2.0,1.5,4153,54.75,0.64,-8.3348
HTF_Trend,RSI_Extreme,10,1.0,1.0,1718,54.2,0.64,-14.3104
No_Filter,RSI_Extreme,20,1.5,1.5,42344,50.39,0.64,-0.9451
No_Filter,BB_Exhaustion,2.5,1.5,1.5,10380,50.1,0.64,-3.83
Chop_Squeeze,StochRSI_Cross,N/A,1.5,1.5,4287,49.42,0.64,-8.6522
Chop_Squeeze,BB_Exhaustion,2.5,1.0,1.5,119,41.45,0.64,-25.041
HTF_Trend,StochRSI_Cross,N/A,1.0,1.5,23044,39.79,0.64,-1.7361
Chop_Squeeze,BB_Exhaustion,2.0,1.0,3.0,1071,26.55,0.64,-22.7387
No_Filter,BB_Exhaustion,2.0,0.5,2.0,29094,23.41,0.64,-1.3749
HTF_Trend,RSI_Extreme,20,2.0,1.0,9346,64.88,0.63,-4.098
HTF_Trend,BB_Exhaustion,2.0,1.0,1.0,977,54.49,0.63,-17.4199
Chop_Squeeze,BB_Exhaustion,2.0,1.5,1.5,1123,48.66,0.63,-16.832
No_Filter,RSI_Extreme,15,1.0,1.5,37984,41.77,0.63,-1.0533
No_Filter,StochRSI_Cross,N/A,1.0,1.5,46786,40.71,0.63,-0.8551
Chop_Squeeze,BB_Exhaustion,2.0,1.0,2.0,1112,33.5,0.63,-21.5711
HTF_Trend,RSI_Extreme,10,0.5,2.0,1796,23.97,0.63,-19.2971
HTF_Trend,RSI_Extreme,10,0.5,3.0,1788,19.0,0.63,-19.375
No_Filter,RSI_Extreme,15,0.5,3.0,39339,18.38,0.63,-1.017
HTF_Trend,StochRSI_Cross,N/A,0.5,3.0,23940,16.62,0.63,-1.671
Chop_Squeeze,RSI_Extreme,15,1.0,2.0,1840,34.23,0.62,-16.4342
Chop_Squeeze,RSI_Extreme,20,1.0,2.0,4281,34.2,0.62,-9.0418
HTF_Trend,RSI_Extreme,10,0.5,1.5,1803,29.98,0.62,-19.0214
Chop_Squeeze,BB_Exhaustion,2.5,1.0,3.0,118,26.63,0.62,-32.641
HTF_Trend,BB_Exhaustion,2.0,0.5,2.0,995,24.06,0.62,-27.7473
No_Filter,BB_Exhaustion,2.5,0.5,2.0,11135,23.29,0.62,-3.5947
HTF_Trend,StochRSI_Cross,N/A,0.5,2.0,24941,21.47,0.62,-1.604
Chop_Squeeze,StochRSI_Cross,N/A,0.5,3.0,4690,17.13,0.62,-8.7512
No_Filter,BB_Exhaustion,2.0,2.0,1.0,24385,65.34,0.61,-1.6404
HTF_Trend,RSI_Extreme,20,1.5,1.0,9541,59.45,0.61,-4.1338
No_Filter,BB_Exhaustion,2.5,1.0,1.5,10761,41.47,0.61,-3.7167
No_Filter,RSI_Extreme,15,0.5,2.0,43004,23.35,0.61,-0.9304
HTF_Trend,RSI_Extreme,15,0.5,2.0,5343,22.7,0.61,-7.4754
Chop_Squeeze,RSI_Extreme,15,0.5,3.0,1864,17.71,0.61,-19.2268
HTF_Trend,BB_Exhaustion,2.5,0.5,3.0,57,17.54,0.61,-40.7538
Chop_Squeeze,RSI_Extreme,15,2.0,1.0,1893,65.65,0.6,-10.5737
No_Filter,RSI_Extreme,10,2.0,1.0,21161,65.05,0.6,-1.8893
No_Filter,RSI_Extreme,15,2.0,1.0,33570,64.91,0.6,-1.192
No_Filter,RSI_Extreme,20,2.0,1.0,44010,64.74,0.6,-0.9094
HTF_Trend,RSI_Extreme,15,1.0,1.0,5049,51.84,0.6,-7.6088
No_Filter,BB_Exhaustion,2.0,1.0,1.5,26674,42.06,0.6,-1.4997
No_Filter,RSI_Extreme,20,1.0,1.5,49994,41.58,0.6,-0.8002
No_Filter,BB_Exhaustion,3.0,1.0,1.5,3215,41.49,0.6,-11.1034
HTF_Trend,RSI_Extreme,20,1.0,1.5,9675,41.4,0.6,-4.1252
HTF_Trend,RSI_Extreme,15,0.5,1.5,5384,27.95,0.6,-7.4169
No_Filter,BB_Exhaustion,3.0,0.5,2.0,3243,24.01,0.6,-11.7902
No_Filter,RSI_Extreme,20,0.5,2.0,57732,23.21,0.6,-0.693
No_Filter,StochRSI_Cross,N/A,0.5,2.0,49738,22.08,0.6,-0.8042
HTF_Trend,RSI_Extreme,20,0.5,3.0,10262,18.33,0.6,-3.8992
Chop_Squeeze,RSI_Extreme,20,0.5,3.0,4414,17.42,0.6,-9.1772
No_Filter,StochRSI_Cross,N/A,2.0,1.0,43036,63.27,0.59,-0.9297
No_Filter,BB_Exhaustion,2.0,1.5,1.0,25924,59.61,0.59,-1.5433
No_Filter,RSI_Extreme,10,1.5,1.0,22448,59.51,0.59,-1.7822
Chop_Squeeze,RSI_Extreme,10,1.0,1.0,416,52.35,0.59,-24.0372
Chop_Squeeze,StochRSI_Cross,N/A,1.0,1.5,4540,40.36,0.59,-8.783
HTF_Trend,BB_Exhaustion,2.5,0.5,1.0,58,37.93,0.59,-34.2185
HTF_Trend,StochRSI_Cross,N/A,0.5,1.5,25423,26.18,0.59,-1.5736
No_Filter,RSI_Extreme,10,0.5,2.0,26026,23.71,0.59,-1.5371
No_Filter,StochRSI_Cross,N/A,0.5,3.0,44077,17.23,0.59,-0.9076
Chop_Squeeze,BB_Exhaustion,2.0,0.5,3.0,1097,16.77,0.59,-29.0745
No_Filter,BB_Exhaustion,2.5,2.0,1.0,10376,64.82,0.58,-3.7869
Chop_Squeeze,BB_Exhaustion,2.0,2.0,1.0,1153,64.63,0.58,-13.3147
Chop_Squeeze,RSI_Extreme,15,1.5,1.0,1903,59.76,0.58,-12.5234
No_Filter,RSI_Extreme,15,1.5,1.0,36428,59.14,0.58,-1.0984
No_Filter,StochRSI_Cross,N/A,1.5,1.0,47317,57.77,0.58,-0.8454
No_Filter,RSI_Extreme,10,1.0,1.0,24257,50.92,0.58,-1.6493
Chop_Squeeze,RSI_Extreme,15,1.0,1.5,1879,40.25,0.58,-16.3123
Chop_Squeeze,RSI_Extreme,20,1.0,1.5,4504,40.01,0.58,-8.6715
HTF_Trend,BB_Exhaustion,2.0,0.5,1.5,1003,29.11,0.58,-28.7707
HTF_Trend,BB_Exhaustion,2.5,0.5,1.5,57,26.32,0.58,-41.409
Chop_Squeeze,RSI_Extreme,15,0.5,2.0,1880,22.85,0.58,-19.2318
No_Filter,RSI_Extreme,10,0.5,3.0,24966,18.54,0.58,-1.6023
Chop_Squeeze,RSI_Extreme,20,2.0,1.0,4640,63.98,0.57,-7.3862
HTF_Trend,StochRSI_Cross,N/A,2.0,1.0,20283,62.56,0.57,-1.972
No_Filter,BB_Exhaustion,2.5,1.5,1.0,10621,59.13,0.57,-3.7456
No_Filter,RSI_Extreme,20,1.5,1.0,48890,59.12,0.57,-0.8184
HTF_Trend,StochRSI_Cross,N/A,1.5,1.0,21911,57.24,0.57,-1.8259
Chop_Squeeze,BB_Exhaustion,2.0,1.0,1.5,1130,38.82,0.57,-22.3232
No_Filter,StochRSI_Cross,N/A,0.5,1.5,53601,26.92,0.57,-0.7463
HTF_Trend,RSI_Extreme,20,0.5,2.0,10616,23.28,0.57,-3.7694
Chop_Squeeze,StochRSI_Cross,N/A,0.5,2.0,4757,22.3,0.57,-8.6404
No_Filter,BB_Exhaustion,3.0,1.5,1.0,3209,59.32,0.56,-10.0134
Chop_Squeeze,RSI_Extreme,20,1.5,1.0,4675,58.3,0.56,-7.7581
No_Filter,RSI_Extreme,15,1.0,1.0,40556,50.16,0.56,-0.9864
No_Filter,StochRSI_Cross,N/A,1.0,1.0,52245,48.99,0.56,-0.7657
HTF_Trend,StochRSI_Cross,N/A,1.0,1.0,23974,48.36,0.56,-1.6688
No_Filter,BB_Exhaustion,2.0,0.5,1.5,29669,28.11,0.56,-1.3482
No_Filter,BB_Exhaustion,3.0,2.0,1.0,3191,64.21,0.55,-9.4106
HTF_Trend,RSI_Extreme,20,1.0,1.0,10024,50.72,0.55,-3.9858
No_Filter,RSI_Extreme,10,0.5,1.5,26399,28.68,0.55,-1.5154
No_Filter,BB_Exhaustion,2.5,0.5,1.5,11200,27.71,0.55,-3.5742
Chop_Squeeze,RSI_Extreme,20,0.5,2.0,4538,22.21,0.55,-8.9653
Chop_Squeeze,BB_Exhaustion,2.0,0.5,2.0,1131,21.42,0.55,-28.6224
Chop_Squeeze,BB_Exhaustion,2.0,1.5,1.0,1154,58.34,0.54,-16.7761
Chop_Squeeze,BB_Exhaustion,2.5,1.0,1.0,119,50.86,0.54,-26.4696
No_Filter,BB_Exhaustion,2.0,1.0,1.0,28004,50.34,0.54,-1.4285
Chop_Squeeze,RSI_Extreme,15,0.5,1.5,1912,27.43,0.54,-19.1594
Chop_Squeeze,BB_Exhaustion,2.5,0.5,2.0,119,20.66,0.54,-48.1066
Chop_Squeeze,StochRSI_Cross,N/A,2.0,1.0,4414,62.99,0.53,-8.1549
Chop_Squeeze,StochRSI_Cross,N/A,1.5,1.0,4541,57.92,0.53,-8.3498
No_Filter,BB_Exhaustion,2.5,1.0,1.0,10945,50.02,0.53,-3.6554
Chop_Squeeze,RSI_Extreme,10,0.5,1.0,418,38.22,0.53,-39.4927
HTF_Trend,RSI_Extreme,15,0.5,1.0,5429,36.06,0.53,-7.3617
No_Filter,BB_Exhaustion,3.0,0.5,1.5,3247,28.67,0.53,-11.9962
No_Filter,RSI_Extreme,15,0.5,1.5,44787,28.08,0.53,-0.8933
Chop_Squeeze,RSI_Extreme,20,0.5,1.5,4711,27.05,0.53,-8.657
HTF_Trend,BB_Exhaustion,2.5,1.0,0.5,58,68.97,0.52,-16.2062
No_Filter,RSI_Extreme,20,1.0,1.0,56054,50.28,0.52,-0.7137
Chop_Squeeze,RSI_Extreme,15,1.0,1.0,1915,49.73,0.52,-16.0734
HTF_Trend,BB_Exhaustion,2.0,0.5,1.0,1017,37.63,0.52,-28.2972
HTF_Trend,RSI_Extreme,10,0.5,1.0,1813,37.46,0.52,-19.5232
HTF_Trend,RSI_Extreme,20,0.5,1.5,10817,27.91,0.52,-3.6998
No_Filter,RSI_Extreme,20,0.5,1.5,62077,27.8,0.51,-0.6445
Chop_Squeeze,StochRSI_Cross,N/A,0.5,1.5,4844,26.89,0.51,-8.4946
No_Filter,BB_Exhaustion,3.0,1.0,1.0,3232,49.67,0.5,-11.2626
Chop_Squeeze,BB_Exhaustion,2.0,1.0,1.0,1157,49.06,0.5,-21.6083
Chop_Squeeze,StochRSI_Cross,N/A,1.0,1.0,4756,48.68,0.5,-8.5039
Chop_Squeeze,RSI_Extreme,20,1.0,1.0,4737,48.66,0.5,-8.3076
No_Filter,BB_Exhaustion,2.0,0.5,1.0,30542,35.37,0.49,-1.3097
Chop_Squeeze,BB_Exhaustion,2.0,0.5,1.5,1144,25.27,0.49,-29.6628
No_Filter,RSI_Extreme,10,0.5,1.0,26716,35.61,0.48,-1.4974
HTF_Trend,RSI_Extreme,20,0.5,1.0,11037,35.59,0.48,-3.626
HTF_Trend,StochRSI_Cross,N/A,0.5,1.0,25813,33.3,0.48,-1.5499
No_Filter,BB_Exhaustion,2.5,0.5,1.0,11316,34.98,0.47,-3.5378
Chop_Squeeze,BB_Exhaustion,2.5,0.5,3.0,119,13.88,0.47,-58.5475
Chop_Squeeze,RSI_Extreme,15,0.5,1.0,1941,35.36,0.46,-19.3263
No_Filter,StochRSI_Cross,N/A,0.5,1.0,57269,33.87,0.46,-0.6985
No_Filter,RSI_Extreme,15,0.5,1.0,46290,35.14,0.45,-0.8643
No_Filter,BB_Exhaustion,3.0,0.5,1.0,3258,35.03,0.44,-12.104
Chop_Squeeze,RSI_Extreme,20,0.5,1.0,4887,34.48,0.44,-8.3834
Chop_Squeeze,BB_Exhaustion,2.0,0.5,1.0,1165,34.29,0.44,-29.1056
No_Filter,RSI_Extreme,20,0.5,1.0,66419,35.14,0.43,-0.6023
Chop_Squeeze,StochRSI_Cross,N/A,0.5,1.0,4986,33.71,0.43,-8.2822
HTF_Trend,BB_Exhaustion,2.0,2.0,0.5,1003,70.71,0.42,-10.1539
Chop_Squeeze,BB_Exhaustion,2.5,0.5,1.5,119,22.2,0.42,-58.4764
HTF_Trend,RSI_Extreme,10,2.0,0.5,1719,68.99,0.4,-10.2971
HTF_Trend,RSI_Extreme,15,2.0,0.5,5092,68.8,0.4,-6.5001
Chop_Squeeze,RSI_Extreme,10,2.0,0.5,418,67.51,0.4,-14.1226
Chop_Squeeze,BB_Exhaustion,2.5,0.5,1.0,119,32.37,0.4,-53.2672
HTF_Trend,BB_Exhaustion,2.0,1.5,0.5,1006,66.75,0.39,-13.8158
No_Filter,BB_Exhaustion,2.0,2.0,0.5,27434,66.16,0.38,-1.4582
HTF_Trend,RSI_Extreme,10,1.5,0.5,1729,65.21,0.38,-12.8502
HTF_Trend,RSI_Extreme,15,1.5,0.5,5133,65.15,0.38,-7.0655
HTF_Trend,RSI_Extreme,20,2.0,0.5,10204,67.2,0.37,-3.83
No_Filter,RSI_Extreme,15,2.0,0.5,39168,65.79,0.37,-1.0214
No_Filter,RSI_Extreme,20,2.0,0.5,54689,65.72,0.37,-0.7314
Chop_Squeeze,RSI_Extreme,10,1.5,0.5,418,63.78,0.37,-18.8574
No_Filter,BB_Exhaustion,2.0,1.5,0.5,28605,61.94,0.37,-1.3986
HTF_Trend,RSI_Extreme,10,1.0,0.5,1755,59.47,0.37,-16.0438
Chop_Squeeze,BB_Exhaustion,2.5,2.0,0.5,119,72.42,0.36,-14.138
No_Filter,RSI_Extreme,10,2.0,0.5,23284,66.08,0.36,-1.7179
No_Filter,StochRSI_Cross,N/A,2.0,0.5,50517,65.09,0.36,-0.7918
HTF_Trend,RSI_Extreme,20,1.5,0.5,10359,63.41,0.36,-3.8369
No_Filter,RSI_Extreme,10,1.5,0.5,24229,61.94,0.36,-1.651
No_Filter,RSI_Extreme,15,1.5,0.5,41415,61.7,0.36,-0.966
No_Filter,RSI_Extreme,20,1.5,0.5,58820,61.57,0.36,-0.6801
Chop_Squeeze,RSI_Extreme,15,2.0,0.5,1937,67.96,0.35,-10.9614
HTF_Trend,StochRSI_Cross,N/A,2.0,0.5,22382,65.11,0.35,-1.7872
No_Filter,StochRSI_Cross,N/A,1.5,0.5,53769,61.02,0.35,-0.744
HTF_Trend,StochRSI_Cross,N/A,1.5,0.5,23615,60.94,0.35,-1.6941
Chop_Squeeze,BB_Exhaustion,2.5,1.5,0.5,119,69.03,0.34,-18.8164
HTF_Trend,RSI_Extreme,15,1.0,0.5,5258,57.68,0.34,-7.4447
HTF_Trend,StochRSI_Cross,N/A,1.0,0.5,25013,53.68,0.34,-1.5995
HTF_Trend,RSI_Extreme,20,1.0,0.5,10725,56.1,0.33,-3.7296
No_Filter,RSI_Extreme,10,1.0,0.5,25575,54.66,0.33,-1.5643
HTF_Trend,BB_Exhaustion,2.5,0.5,0.5,58,48.28,0.33,-44.4833
No_Filter,BB_Exhaustion,2.5,2.0,0.5,10865,66.62,0.32,-3.6467
Chop_Squeeze,RSI_Extreme,20,2.0,0.5,4895,65.76,0.32,-7.264
Chop_Squeeze,RSI_Extreme,15,1.5,0.5,1940,63.31,0.32,-13.4125
No_Filter,BB_Exhaustion,2.5,1.5,0.5,11051,62.23,0.32,-3.6137
HTF_Trend,BB_Exhaustion,2.0,1.0,0.5,1026,58.61,0.32,-20.7385
No_Filter,RSI_Extreme,15,1.0,0.5,44493,54.35,0.32,-0.8991
No_Filter,StochRSI_Cross,N/A,1.0,0.5,57006,53.8,0.32,-0.7017
Chop_Squeeze,RSI_Extreme,20,1.5,0.5,4912,61.82,0.31,-7.6524
No_Filter,BB_Exhaustion,2.0,1.0,0.5,30153,54.06,0.31,-1.3266
Chop_Squeeze,BB_Exhaustion,2.0,2.0,0.5,1174,65.73,0.3,-14.7917
Chop_Squeeze,BB_Exhaustion,2.0,1.5,0.5,1174,61.66,0.3,-17.9414
Chop_Squeeze,StochRSI_Cross,N/A,1.5,0.5,4870,61.48,0.3,-7.9889
Chop_Squeeze,RSI_Extreme,10,1.0,0.5,418,56.12,0.3,-29.0733
No_Filter,RSI_Extreme,20,1.0,0.5,64440,54.35,0.3,-0.6208
HTF_Trend,RSI_Extreme,15,0.5,0.5,5567,43.39,0.3,-7.1875
No_Filter,BB_Exhaustion,3.0,2.0,0.5,3231,66.13,0.29,-9.7999
Chop_Squeeze,StochRSI_Cross,N/A,2.0,0.5,4783,64.98,0.29,-7.7375
No_Filter,BB_Exhaustion,3.0,1.5,0.5,3238,61.78,0.29,-10.7171
No_Filter,BB_Exhaustion,2.5,1.0,0.5,11273,53.72,0.29,-3.5508
HTF_Trend,RSI_Extreme,10,0.5,0.5,1840,44.36,0.29,-20.191
HTF_Trend,RSI_Extreme,20,0.5,0.5,11506,42.41,0.29,-3.4779
Chop_Squeeze,BB_Exhaustion,2.5,1.0,0.5,119,58.86,0.28,-31.0493
Chop_Squeeze,RSI_Extreme,15,1.0,0.5,1945,55.04,0.28,-16.8341
Chop_Squeeze,StochRSI_Cross,N/A,1.0,0.5,4993,53.63,0.27,-8.1838
Chop_Squeeze,RSI_Extreme,20,1.0,0.5,4935,53.56,0.27,-8.1684
Chop_Squeeze,BB_Exhaustion,2.0,1.0,0.5,1176,53.45,0.26,-23.1901
HTF_Trend,BB_Exhaustion,2.0,0.5,0.5,1053,43.88,0.26,-30.5907
HTF_Trend,StochRSI_Cross,N/A,0.5,0.5,26160,39.33,0.26,-1.5294
Chop_Squeeze,RSI_Extreme,10,0.5,0.5,420,41.85,0.25,-48.8836
No_Filter,BB_Exhaustion,3.0,1.0,0.5,3253,52.3,0.24,-11.7971
Chop_Squeeze,RSI_Extreme,15,0.5,0.5,1959,41.31,0.24,-19.8873
No_Filter,RSI_Extreme,10,0.5,0.5,27418,39.9,0.24,-1.459
No_Filter,BB_Exhaustion,2.0,0.5,0.5,31899,39.45,0.24,-1.254
No_Filter,BB_Exhaustion,2.5,0.5,0.5,11494,38.37,0.23,-3.4828
Chop_Squeeze,RSI_Extreme,20,0.5,0.5,5016,39.79,0.22,-8.2262
No_Filter,StochRSI_Cross,N/A,0.5,0.5,59572,39.39,0.22,-0.6715
Chop_Squeeze,StochRSI_Cross,N/A,0.5,0.5,5089,39.05,0.22,-8.1224
No_Filter,RSI_Extreme,15,0.5,0.5,48548,39.94,0.21,-0.8241
Chop_Squeeze,BB_Exhaustion,2.0,0.5,0.5,1179,39.22,0.21,-30.4984
No_Filter,BB_Exhaustion,3.0,0.5,0.5,3265,37.7,0.2,-12.2399
Chop_Squeeze,BB_Exhaustion,2.5,0.5,0.5,119,38.83,0.19,-60.1176
No_Filter,RSI_Extreme,20,0.5,0.5,71601,39.94,0.18,-0.5588
